id,indicator_score_id,company_id,company_name,company_ownership,company_isin,company_lei,company_location_hq_country_iso,company_location_hq_region,company_location_hq_country_name,company_industry_isic,company_wba_industry,company_location_oecd,company_location_g20,company_location_g7,company_location_eu,transformation_id,transformation_name,benchmark_id,benchmark_name,methodology_id,methodology_code,methodology_name,methodology_year,measurement_area_id,measurement_area_name,indicator_id,indicator_name,indicator_score,updated
"b388c5269d63975958f16edaa28a623e","PT_01139-CSI-2025_C.17","PT_01139","Mazda","Public","JP3868400007","52990044YZJLICDQKK92","JPN","East Asia & Pacific","Japan","C2910","Motor Vehicles & Parts","t","t","t",,"SO","Social","CSI","Social Benchmark","CSI-2025","CSI","Social Benchmark","2025","C","Acting ethically","17","Anti-bribery and anti-corruption fundamentals","0.25","2026-06-20 21:02:38+00"
"3b227e7333d23aaec5401b54ffea1b4e","PT_01116-CSI-2025_C.17","PT_01116","Mahindra and Mahindra","Public","INE101A01026","3358003B573EV4KB4Z02","IND","South Asia","India","C2910","Motor Vehicles & Parts",,"t",,,"SO","Social","CSI","Social Benchmark","CSI-2025","CSI","Social Benchmark","2025","C","Acting ethically","17","Anti-bribery and anti-corruption fundamentals","0.50","2026-06-20 21:02:38+00"
"e8218894907d4c3418433907b0b79991","PT_01168-CSI-2025_C.17","PT_01168","Michelin","Public","FR0000121261","549300SOSI58J6VIW052","FRA","Europe & Central Asia","France","C2211","Motor Vehicles & Parts","t","t","t","t","SO","Social","CSI","Social Benchmark","CSI-2025","CSI","Social Benchmark","2025","C","Acting ethically","17","Anti-bribery and anti-corruption fundamentals","1.00","2026-06-20 21:02:38+00"
"067244a522f2d6adfc2074993e7ef6cd","PT_01476-CSI-2025_C.17","PT_01476","Renault","Public","FR0000131906","969500F7JLTX36OUI695","FRA","Europe & Central Asia","France","C2910","Motor Vehicles & Parts","t","t","t","t","SO","Social","CSI","Social Benchmark","CSI-2025","CSI","Social Benchmark","2025","C","Acting ethically","17","Anti-bribery and anti-corruption fundamentals","0.75","2026-06-20 21:02:38+00"
"f568e2d4eb189bb28cbf2972efae844b","PT_01511-CSI-2025_C.17","PT_01511","Ryder System","Public","US7835491082","ZXJ6Y2OSPZXIVGRILD15","USA","North America","United States","N7710","Motor Vehicles & Parts","t","t","t",,"SO","Social","CSI","Social Benchmark","CSI-2025","CSI","Social Benchmark","2025","C","Acting ethically","17","Anti-bribery and anti-corruption fundamentals","0.75","2026-06-20 21:02:38+00"
"0f6a68c545fe75fd7de992409abff8db","PT_02151-CSI-2025_C.17","PT_02151","Stellantis","Public","NL00150001Q9","549300LKT9PW7ZIBDF31","NLD","Europe & Central Asia","Netherlands","C2910","Motor Vehicles & Parts","t",,,"t","SO","Social","CSI","Social Benchmark","CSI-2025","CSI","Social Benchmark","2025","C","Acting ethically","17","Anti-bribery and anti-corruption fundamentals","0.75","2026-06-20 21:02:38+00"
"a210e4ead014aace231835b26e1d3194","PT_02109-CSI-2025_C.17","PT_02109","Volvo","Public","SE0000115446","549300HGV012CNC8JD22","SWE","Europe & Central Asia","Sweden","C2910","Motor Vehicles & Parts","t",,,"t","SO","Social","CSI","Social Benchmark","CSI-2025","CSI","Social Benchmark","2025","C","Acting ethically","17","Anti-bribery and anti-corruption fundamentals","0.75","2026-06-20 21:02:38+00"
"cd0c1c91f3fffd9e67159d4474a28d5d","PT_02548-CSI-2025_C.17","PT_02548","Mercedes-Benz","Public","DE0007100000","529900R27DL06UVNT076","DEU","Europe & Central Asia","Germany","C2910","Motor Vehicles & Parts","t","t","t","t","SO","Social","CSI","Social Benchmark","CSI-2025","CSI","Social Benchmark","2025","C","Acting ethically","17","Anti-bribery and anti-corruption fundamentals","0.75","2026-06-20 21:02:38+00"
"e82b4d4c4f084eb5e521ca03452bff7e","PT_00472-CSI-2025_C.17","PT_00472","Continental","Public","DE0005439004","529900A7YD9C0LLXM621","DEU","Europe & Central Asia","Germany","C2211","Motor Vehicles & Parts","t","t","t","t","SO","Social","CSI","Social Benchmark","CSI-2025","CSI","Social Benchmark","2025","C","Acting ethically","17","Anti-bribery and anti-corruption fundamentals","0.50","2026-06-20 21:02:38+00"
"cb363c5e6fa22dc104ef65d0acba8cb6","PT_01409-CSI-2025_C.17","PT_01409","Pirelli & C","Public","IT0005278236","815600A0C9AFC1F2A709","ITA","Europe & Central Asia","Italy","C2211","Motor Vehicles & Parts","t","t","t","t","SO","Social","CSI","Social Benchmark","CSI-2025","CSI","Social Benchmark","2025","C","Acting ethically","17","Anti-bribery and anti-corruption fundamentals","0.75","2026-06-20 21:02:38+00"
"6a086aa89aa886cff51f014592093463","PT_02152-CSI-2025_C.17","PT_02152","Chery Holding Group","Private",,"300300F08E6VWZVSVM95","CHN","East Asia & Pacific","China","C2910","Motor Vehicles & Parts",,"t",,,"SO","Social","CSI","Social Benchmark","CSI-2025","CSI","Social Benchmark","2025","C","Acting ethically","17","Anti-bribery and anti-corruption fundamentals","0.00","2026-06-20 21:02:38+00"
"a70ce92be5b9206d5f66b60438287d58","PT_02009-CSI-2025_C.17","PT_02009","Mitsubishi Motors Corporation","Public","JP3899800001","5299006ZTN6MO1N5BR16","JPN","East Asia & Pacific","Japan","C2910","Motor Vehicles & Parts","t","t","t",,"SO","Social","CSI","Social Benchmark","CSI-2025","CSI","Social Benchmark","2025","C","Acting ethically","17","Anti-bribery and anti-corruption fundamentals","0.50","2026-06-20 21:02:38+00"
"557e2e74c7c7ff967cb038b1a7bf48e4","PT_01978-CSI-2025_C.17","PT_01978","Yokohama Rubber","Public","JP3955800002","52990036XNWY2FMYWB76","JPN","East Asia & Pacific","Japan","C2211","Motor Vehicles & Parts","t","t","t",,"SO","Social","CSI","Social Benchmark","CSI-2025","CSI","Social Benchmark","2025","C","Acting ethically","17","Anti-bribery and anti-corruption fundamentals","0.50","2026-06-20 21:02:38+00"
"fcf73e0162ae00c0cb9372c09a7c384c","PT_02037-CSI-2025_C.17","PT_02037","JAC Motors","Public","CNE0000018M9","300300KQABCMFKN2E931","CHN","East Asia & Pacific","China","C2910","Motor Vehicles & Parts",,"t",,,"SO","Social","CSI","Social Benchmark","CSI-2025","CSI","Social Benchmark","2025","C","Acting ethically","17","Anti-bribery and anti-corruption fundamentals","0.00","2026-06-20 21:02:38+00"
"fc40d5e65dcddeb9ac112bc4532bc6f8","PT_01995-CSI-2025_C.17","PT_01995","Zhongce Rubber Group","Private",,"3003009F43G96IGM7906","CHN","East Asia & Pacific","China","C2211","Motor Vehicles & Parts",,"t",,,"SO","Social","CSI","Social Benchmark","CSI-2025","CSI","Social Benchmark","2025","C","Acting ethically","17","Anti-bribery and anti-corruption fundamentals","0.00","2026-06-20 21:02:38+00"
"cd8c99e82136716b13e4b61b363dfd14","PT_01993-CSI-2025_C.17","PT_01993","Geely Holding","Private",,"549300YS3T1KVQ2SNI84","CHN","East Asia & Pacific","China","C2910","Motor Vehicles & Parts",,"t",,,"SO","Social","CSI","Social Benchmark","CSI-2025","CSI","Social Benchmark","2025","C","Acting ethically","17","Anti-bribery and anti-corruption fundamentals","0.50","2026-06-20 21:02:38+00"
"0842d45e5ef7d8bfa2b93b135fe03a91","PT_02726-CSI-2025_C.18","PT_02726","Daimler Truck","Public","DE000DTR0CK8","529900PW78JIYOUBSR24","DEU","Europe & Central Asia","Germany","C2910","Motor Vehicles & Parts","t","t","t","t","SO","Social","CSI","Social Benchmark","CSI-2025","CSI","Social Benchmark","2025","C","Acting ethically","18","Responsible lobbying and political engagement fundamentals","0.00","2026-06-20 21:02:38+00"
"f455067dcfb9131d3f570000aaa47da6","PT_02727-CSI-2025_C.18","PT_02727","Scania","Private",,"52990000AKKX75BMWB43","SWE","Europe & Central Asia","Sweden","C2910","Motor Vehicles & Parts","t",,,"t","SO","Social","CSI","Social Benchmark","CSI-2025","CSI","Social Benchmark","2025","C","Acting ethically","18","Responsible lobbying and political engagement fundamentals","0.00","2026-06-20 21:02:38+00"
"ca1fac911919c71a6d77ac52ba78b813","PT_00572-CSI-2025_C.17","PT_00572","Dongfeng Motor Group","Public","CNE100000312","300300XR7ZL54H8GBA06","CHN","East Asia & Pacific","China","C2910","Motor Vehicles & Parts",,"t",,,"SO","Social","CSI","Social Benchmark","CSI-2025","CSI","Social Benchmark","2025","C","Acting ethically","17","Anti-bribery and anti-corruption fundamentals","0.00","2026-06-20 21:02:38+00"
"0d60a1104edf33ca166abc03626cfd3e","PT_01360-CSI-2025_C.17","PT_01360","PACCAR","Public","US6937181088","KDTEY8BWE486IKZ3CC07","USA","North America","United States","C2910","Motor Vehicles & Parts","t","t","t",,"SO","Social","CSI","Social Benchmark","CSI-2025","CSI","Social Benchmark","2025","C","Acting ethically","17","Anti-bribery and anti-corruption fundamentals","0.75","2026-06-20 21:02:38+00"
"5d1dc0ea46b7fa44483ac6309bd3139b","PT_01476-CSI-2025_C.18","PT_01476","Renault","Public","FR0000131906","969500F7JLTX36OUI695","FRA","Europe & Central Asia","France","C2910","Motor Vehicles & Parts","t","t","t","t","SO","Social","CSI","Social Benchmark","CSI-2025","CSI","Social Benchmark","2025","C","Acting ethically","18","Responsible lobbying and political engagement fundamentals","0.00","2026-06-20 21:02:38+00"
"cd67d3ace0226cb83fb0ff87013dd591","PT_01511-CSI-2025_C.18","PT_01511","Ryder System","Public","US7835491082","ZXJ6Y2OSPZXIVGRILD15","USA","North America","United States","N7710","Motor Vehicles & Parts","t","t","t",,"SO","Social","CSI","Social Benchmark","CSI-2025","CSI","Social Benchmark","2025","C","Acting ethically","18","Responsible lobbying and political engagement fundamentals","0.00","2026-06-20 21:02:38+00"
"58d5f241737d90a28a8cdcb7ca3a3870","PT_01280-CSI-2025_C.17","PT_01280","Nissan Motor","Public","JP3672400003","353800DRBDH1LUTNAY26","JPN","East Asia & Pacific","Japan","C2910","Motor Vehicles & Parts","t","t","t",,"SO","Social","CSI","Social Benchmark","CSI-2025","CSI","Social Benchmark","2025","C","Acting ethically","17","Anti-bribery and anti-corruption fundamentals","0.50","2026-06-20 21:02:38+00"
"19659d5aa1d602a5b2ba33b5aac7070b","PT_01518-CSI-2025_C.18","PT_01518","SAIC Motor","Public","CNE000000TY6","30030001QBC7EXJJGT71","CHN","East Asia & Pacific","China","C2910","Motor Vehicles & Parts",,"t",,,"SO","Social","CSI","Social Benchmark","CSI-2025","CSI","Social Benchmark","2025","C","Acting ethically","18","Responsible lobbying and political engagement fundamentals","0.00","2026-06-20 21:02:38+00"
"637d9db22aa45a5e5b132b2c81e2d866","PT_02726-CSI-2025_C.17","PT_02726","Daimler Truck","Public","DE000DTR0CK8","529900PW78JIYOUBSR24","DEU","Europe & Central Asia","Germany","C2910","Motor Vehicles & Parts","t","t","t","t","SO","Social","CSI","Social Benchmark","CSI-2025","CSI","Social Benchmark","2025","C","Acting ethically","17","Anti-bribery and anti-corruption fundamentals","0.75","2026-06-20 21:02:38+00"
"4b616eeb32a03e8c47aeef33beb62069","PT_02727-CSI-2025_C.17","PT_02727","Scania","Private",,"52990000AKKX75BMWB43","SWE","Europe & Central Asia","Sweden","C2910","Motor Vehicles & Parts","t",,,"t","SO","Social","CSI","Social Benchmark","CSI-2025","CSI","Social Benchmark","2025","C","Acting ethically","17","Anti-bribery and anti-corruption fundamentals","0.50","2026-06-20 21:02:38+00"
"c89406678d87f798d25fad660f0d23b8","PT_00341-CSI-2025_C.18","PT_00341","Changan Automobile","Public","CNE000000R36","300300WKFSBX9P5ZOM25","CHN","East Asia & Pacific","China","C2910","Motor Vehicles & Parts",,"t",,,"SO","Social","CSI","Social Benchmark","CSI-2025","CSI","Social Benchmark","2025","C","Acting ethically","18","Responsible lobbying and political engagement fundamentals","0.00","2026-06-20 21:02:38+00"
"f8630555fb538a132c3e72eb0a3e7ff8","PT_00275-CSI-2025_C.18","PT_00275","Bridgestone","Public","JP3830800003","549300DHPOF90OYYD780","JPN","East Asia & Pacific","Japan","C2211","Motor Vehicles & Parts","t","t","t",,"SO","Social","CSI","Social Benchmark","CSI-2025","CSI","Social Benchmark","2025","C","Acting ethically","18","Responsible lobbying and political engagement fundamentals","0.00","2026-06-20 21:02:38+00"
"5a6595ee68c542474e92904f388a325e","PT_00771-CSI-2025_C.18","PT_00771","Great Wall Motor Company","Public","CNE1000018V8","5299002PZDL54CMG5I32","CHN","East Asia & Pacific","China","C2910","Motor Vehicles & Parts",,"t",,,"SO","Social","CSI","Social Benchmark","CSI-2025","CSI","Social Benchmark","2025","C","Acting ethically","18","Responsible lobbying and political engagement fundamentals","0.00","2026-06-20 21:02:38+00"
"0b532ef4e206df8737675024fcafc945","PT_00816-CSI-2025_C.18","PT_00816","Hankook Tire & Technology","Public","KR7161390000","9884001BIEVM09M7AH02","KOR","East Asia & Pacific","Korea, Rep.","C2211","Motor Vehicles & Parts","t","t",,,"SO","Social","CSI","Social Benchmark","CSI-2025","CSI","Social Benchmark","2025","C","Acting ethically","18","Responsible lobbying and political engagement fundamentals","0.00","2026-06-20 21:02:38+00"
"5c4a525a82213c5892902498c6e20fa6","PT_00804-CSI-2025_C.18","PT_00804","GAC Group","Public","CNE100001NQ2","5299005KY9BJO3ZE6A37","CHN","East Asia & Pacific","China","C2910","Motor Vehicles & Parts",,"t",,,"SO","Social","CSI","Social Benchmark","CSI-2025","CSI","Social Benchmark","2025","C","Acting ethically","18","Responsible lobbying and political engagement fundamentals","0.00","2026-06-20 21:02:38+00"
"3c3f31908c371e1b8444585dd776419b","PT_00763-CSI-2025_C.18","PT_00763","Goodyear Tire & Rubber","Public","US3825501014","5493002BI0S2ZQUY3437","USA","North America","United States","C2211","Motor Vehicles & Parts","t","t","t",,"SO","Social","CSI","Social Benchmark","CSI-2025","CSI","Social Benchmark","2025","C","Acting ethically","18","Responsible lobbying and political engagement fundamentals","0.00","2026-06-20 21:02:38+00"
"627f5fe2d8500e941d7562a96daec010","PT_00290-CSI-2025_C.18","PT_00290","BYD","Public","CNE100001526","5299001O3LAFGRPZ3Y63","CHN","East Asia & Pacific","China","C2910","Motor Vehicles & Parts",,"t",,,"SO","Social","CSI","Social Benchmark","CSI-2025","CSI","Social Benchmark","2025","C","Acting ethically","18","Responsible lobbying and political engagement fundamentals","0.00","2026-06-20 21:02:38+00"
"d80dca2a212276a8ea837eda3abc6975","PT_00261-CSI-2025_C.18","PT_00261","BMW","Public","DE0005190003","YEH5ZCD6E441RHVHD759","DEU","Europe & Central Asia","Germany","C2910","Motor Vehicles & Parts","t","t","t","t","SO","Social","CSI","Social Benchmark","CSI-2025","CSI","Social Benchmark","2025","C","Acting ethically","18","Responsible lobbying and political engagement fundamentals","0.25","2026-06-20 21:02:38+00"
"27827f1883991a6d17b834568dd0ae9c","PT_00367-CSI-2025_C.18","PT_00367","FAW","Government",,"300300MX7XTA1YIALI60","CHN","East Asia & Pacific","China","C2910","Motor Vehicles & Parts",,"t",,,"SO","Social","CSI","Social Benchmark","CSI-2025","CSI","Social Benchmark","2025","C","Acting ethically","18","Responsible lobbying and political engagement fundamentals","0.00","2026-06-20 21:02:38+00"
"d664360325c63ebe14972596442b2443","PT_00236-CSI-2025_C.18","PT_00236","BAIC","Public","CNE100001TJ4","300300X7ND2JNR96BA87","CHN","East Asia & Pacific","China","C2910","Motor Vehicles & Parts",,"t",,,"SO","Social","CSI","Social Benchmark","CSI-2025","CSI","Social Benchmark","2025","C","Acting ethically","18","Responsible lobbying and political engagement fundamentals","0.00","2026-06-20 21:02:38+00"
"8de275f9a220b2f6641056b7623829da","PT_00345-CSI-2025_C.18","PT_00345","Cheng Shin Rubber","Public","TW0002105004","3003006VZBNKJZLNJ718","TWN","East Asia & Pacific","Taiwan, China","C2211","Motor Vehicles & Parts",,,,,"SO","Social","CSI","Social Benchmark","CSI-2025","CSI","Social Benchmark","2025","C","Acting ethically","18","Responsible lobbying and political engagement fundamentals","0.00","2026-06-20 21:02:38+00"
"0b52ed8eeaf5d2f94163af03243a23f1","PT_00705-CSI-2025_C.18","PT_00705","Ford","Public","US3453708600","20S05OYHG0MQM4VUIC57","USA","North America","United States","C2910","Motor Vehicles & Parts","t","t","t",,"SO","Social","CSI","Social Benchmark","CSI-2025","CSI","Social Benchmark","2025","C","Acting ethically","18","Responsible lobbying and political engagement fundamentals","0.00","2026-06-20 21:02:38+00"
"f30a3b6ed134cb59055a8645f2ae39c4","PT_00740-CSI-2025_C.18","PT_00740","General Motors","Public","US37045V1008","54930070NSV60J38I987","USA","North America","United States","C2910","Motor Vehicles & Parts","t","t","t",,"SO","Social","CSI","Social Benchmark","CSI-2025","CSI","Social Benchmark","2025","C","Acting ethically","18","Responsible lobbying and political engagement fundamentals","0.00","2026-06-20 21:02:38+00"
"9c7b20af8f884567b82d5b7176707e5b","PT_00880-CSI-2025_C.18","PT_00880","Hyundai Motor","Public","KR7005380001","9884004RQX8PRBXQ8S60","KOR","East Asia & Pacific","Korea, Rep.","C2910","Motor Vehicles & Parts","t","t",,,"SO","Social","CSI","Social Benchmark","CSI-2025","CSI","Social Benchmark","2025","C","Acting ethically","18","Responsible lobbying and political engagement fundamentals","0.00","2026-06-20 21:02:38+00"
"ffc0d1deace1a5136fa2d3af062bd8d7","PT_01409-CSI-2025_C.18","PT_01409","Pirelli & C","Public","IT0005278236","815600A0C9AFC1F2A709","ITA","Europe & Central Asia","Italy","C2211","Motor Vehicles & Parts","t","t","t","t","SO","Social","CSI","Social Benchmark","CSI-2025","CSI","Social Benchmark","2025","C","Acting ethically","18","Responsible lobbying and political engagement fundamentals","0.25","2026-06-20 21:02:38+00"
"0de4b7748a476302e917d559f357ca9e","PT_01360-CSI-2025_C.18","PT_01360","PACCAR","Public","US6937181088","KDTEY8BWE486IKZ3CC07","USA","North America","United States","C2910","Motor Vehicles & Parts","t","t","t",,"SO","Social","CSI","Social Benchmark","CSI-2025","CSI","Social Benchmark","2025","C","Acting ethically","18","Responsible lobbying and political engagement fundamentals","0.00","2026-06-20 21:02:38+00"
"531282b429208279217c7a45846ebbb1","PT_01280-CSI-2025_C.18","PT_01280","Nissan Motor","Public","JP3672400003","353800DRBDH1LUTNAY26","JPN","East Asia & Pacific","Japan","C2910","Motor Vehicles & Parts","t","t","t",,"SO","Social","CSI","Social Benchmark","CSI-2025","CSI","Social Benchmark","2025","C","Acting ethically","18","Responsible lobbying and political engagement fundamentals","0.00","2026-06-20 21:02:38+00"
"869a6ca78fcfcccdbc1afdfcc0ad8a20","PT_01116-CSI-2025_C.18","PT_01116","Mahindra and Mahindra","Public","INE101A01026","3358003B573EV4KB4Z02","IND","South Asia","India","C2910","Motor Vehicles & Parts",,"t",,,"SO","Social","CSI","Social Benchmark","CSI-2025","CSI","Social Benchmark","2025","C","Acting ethically","18","Responsible lobbying and political engagement fundamentals","0.00","2026-06-20 21:02:38+00"
"2ff64518e08c50f239cfc2a524c0177e","PT_00855-CSI-2025_C.18","PT_00855","Honda Motor","Public","JP3854600008","549300P7ZYCQJ36CCS16","JPN","East Asia & Pacific","Japan","C2910","Motor Vehicles & Parts","t","t","t",,"SO","Social","CSI","Social Benchmark","CSI-2025","CSI","Social Benchmark","2025","C","Acting ethically","18","Responsible lobbying and political engagement fundamentals","0.00","2026-06-20 21:02:38+00"
"5e11ab00f08e34d90c4c51910e0cff61","PT_02152-CSI-2025_C.18","PT_02152","Chery Holding Group","Private",,"300300F08E6VWZVSVM95","CHN","East Asia & Pacific","China","C2910","Motor Vehicles & Parts",,"t",,,"SO","Social","CSI","Social Benchmark","CSI-2025","CSI","Social Benchmark","2025","C","Acting ethically","18","Responsible lobbying and political engagement fundamentals","0.00","2026-06-20 21:02:38+00"
"a5338e6710793efc3112026998a35399","PT_02151-CSI-2025_C.18","PT_02151","Stellantis","Public","NL00150001Q9","549300LKT9PW7ZIBDF31","NLD","Europe & Central Asia","Netherlands","C2910","Motor Vehicles & Parts","t",,,"t","SO","Social","CSI","Social Benchmark","CSI-2025","CSI","Social Benchmark","2025","C","Acting ethically","18","Responsible lobbying and political engagement fundamentals","0.33","2026-06-20 21:02:38+00"
"cee412d825cfa228a44ede3e6ad17a80","PT_02109-CSI-2025_C.18","PT_02109","Volvo","Public","SE0000115446","549300HGV012CNC8JD22","SWE","Europe & Central Asia","Sweden","C2910","Motor Vehicles & Parts","t",,,"t","SO","Social","CSI","Social Benchmark","CSI-2025","CSI","Social Benchmark","2025","C","Acting ethically","18","Responsible lobbying and political engagement fundamentals","0.00","2026-06-20 21:02:38+00"
"7df2ac6b0a03b8cec8dbf24c0ff3fca3","PT_02038-CSI-2025_C.18","PT_02038","Kia","Public","KR7000270009","988400V8MJK9N7OI5X76","KOR","East Asia & Pacific","Korea, Rep.","C2910","Motor Vehicles & Parts","t","t",,,"SO","Social","CSI","Social Benchmark","CSI-2025","CSI","Social Benchmark","2025","C","Acting ethically","18","Responsible lobbying and political engagement fundamentals","0.00","2026-06-20 21:02:38+00"
"eefde01312f47c29facdcd05358b59c2","PT_02037-CSI-2025_C.18","PT_02037","JAC Motors","Public","CNE0000018M9","300300KQABCMFKN2E931","CHN","East Asia & Pacific","China","C2910","Motor Vehicles & Parts",,"t",,,"SO","Social","CSI","Social Benchmark","CSI-2025","CSI","Social Benchmark","2025","C","Acting ethically","18","Responsible lobbying and political engagement fundamentals","0.00","2026-06-20 21:02:38+00"
"e03c7a426dbf49075a9c182c5ba2ebbe","PT_01978-CSI-2025_C.18","PT_01978","Yokohama Rubber","Public","JP3955800002","52990036XNWY2FMYWB76","JPN","East Asia & Pacific","Japan","C2211","Motor Vehicles & Parts","t","t","t",,"SO","Social","CSI","Social Benchmark","CSI-2025","CSI","Social Benchmark","2025","C","Acting ethically","18","Responsible lobbying and political engagement fundamentals","0.00","2026-06-20 21:02:38+00"
"aa538da4f8d8dc87eae55ef934c82e17","PT_02007-CSI-2025_C.18","PT_02007","Volkswagen","Public","DE0007664039","529900NNUPAGGOMPXZ31","DEU","Europe & Central Asia","Germany","C2910","Motor Vehicles & Parts","t","t","t","t","SO","Social","CSI","Social Benchmark","CSI-2025","CSI","Social Benchmark","2025","C","Acting ethically","18","Responsible lobbying and political engagement fundamentals","0.00","2026-06-20 21:02:38+00"
"8a6f007a8fc2b3d7571af749ab05dae4","PT_01995-CSI-2025_C.18","PT_01995","Zhongce Rubber Group","Private",,"3003009F43G96IGM7906","CHN","East Asia & Pacific","China","C2211","Motor Vehicles & Parts",,"t",,,"SO","Social","CSI","Social Benchmark","CSI-2025","CSI","Social Benchmark","2025","C","Acting ethically","18","Responsible lobbying and political engagement fundamentals","0.00","2026-06-20 21:02:38+00"
"b4dbb344cd9c0ea099b3e3cae2498f4f","PT_01993-CSI-2025_C.18","PT_01993","Geely Holding","Private",,"549300YS3T1KVQ2SNI84","CHN","East Asia & Pacific","China","C2910","Motor Vehicles & Parts",,"t",,,"SO","Social","CSI","Social Benchmark","CSI-2025","CSI","Social Benchmark","2025","C","Acting ethically","18","Responsible lobbying and political engagement fundamentals","0.00","2026-06-20 21:02:38+00"
"e9f6fb4deae6c1aa2c1f3c4b329f17a2","PT_02008-CSI-2025_C.18","PT_02008","Tata Motors","Public","INE155A01022","335800BO2LHWJJ8TZI32","IND","South Asia","India","C2910","Motor Vehicles & Parts",,"t",,,"SO","Social","CSI","Social Benchmark","CSI-2025","CSI","Social Benchmark","2025","C","Acting ethically","18","Responsible lobbying and political engagement fundamentals","0.00","2026-06-20 21:02:38+00"
"abf96e3b78520afebb590c586f94333d","PT_02009-CSI-2025_C.18","PT_02009","Mitsubishi Motors Corporation","Public","JP3899800001","5299006ZTN6MO1N5BR16","JPN","East Asia & Pacific","Japan","C2910","Motor Vehicles & Parts","t","t","t",,"SO","Social","CSI","Social Benchmark","CSI-2025","CSI","Social Benchmark","2025","C","Acting ethically","18","Responsible lobbying and political engagement fundamentals","0.00","2026-06-20 21:02:38+00"
"4c4e6d2f09745184921923c24b5ef06e","PT_01766-CSI-2025_C.18","PT_01766","Tesla","Public","US88160R1014","54930043XZGB27CTOV49","USA","North America","United States","C2910","Motor Vehicles & Parts","t","t","t",,"SO","Social","CSI","Social Benchmark","CSI-2025","CSI","Social Benchmark","2025","C","Acting ethically","18","Responsible lobbying and political engagement fundamentals","0.00","2026-06-20 21:02:38+00"
"8694c9a47243704c77d776ba1d373b1d","PT_01678-CSI-2025_C.18","PT_01678","Subaru Corporation","Public","JP3814800003","549300N244BVAEE6HH86","JPN","East Asia & Pacific","Japan","C2910","Motor Vehicles & Parts","t","t","t",,"SO","Social","CSI","Social Benchmark","CSI-2025","CSI","Social Benchmark","2025","C","Acting ethically","18","Responsible lobbying and political engagement fundamentals","0.00","2026-06-20 21:02:38+00"
"edff514b87bd39c4403504a7b8f3f3c5","PT_00572-CSI-2025_C.18","PT_00572","Dongfeng Motor Group","Public","CNE100000312","300300XR7ZL54H8GBA06","CHN","East Asia & Pacific","China","C2910","Motor Vehicles & Parts",,"t",,,"SO","Social","CSI","Social Benchmark","CSI-2025","CSI","Social Benchmark","2025","C","Acting ethically","18","Responsible lobbying and political engagement fundamentals","0.00","2026-06-20 21:02:38+00"
"c1a2b003c831e437811bfed9a2acf559","PT_00472-CSI-2025_C.18","PT_00472","Continental","Public","DE0005439004","529900A7YD9C0LLXM621","DEU","Europe & Central Asia","Germany","C2211","Motor Vehicles & Parts","t","t","t","t","SO","Social","CSI","Social Benchmark","CSI-2025","CSI","Social Benchmark","2025","C","Acting ethically","18","Responsible lobbying and political engagement fundamentals","0.00","2026-06-20 21:02:38+00"
"14b5a6ebd4cffe00e3d70e1e4b842727","PT_01703-CSI-2025_C.18","PT_01703","Suzuki","Public","JP3397200001","353800D83H0V3ZV1SV24","JPN","East Asia & Pacific","Japan","C2910","Motor Vehicles & Parts","t","t","t",,"SO","Social","CSI","Social Benchmark","CSI-2025","CSI","Social Benchmark","2025","C","Acting ethically","18","Responsible lobbying and political engagement fundamentals","0.00","2026-06-20 21:02:38+00"
"e91448f73c38b07261c72df9cb7c4b5c","PT_01812-CSI-2025_C.18","PT_01812","Toyota","Public","JP3633400001","5493006W3QUS5LMH6R84","JPN","East Asia & Pacific","Japan","C2910","Motor Vehicles & Parts","t","t","t",,"SO","Social","CSI","Social Benchmark","CSI-2025","CSI","Social Benchmark","2025","C","Acting ethically","18","Responsible lobbying and political engagement fundamentals","0.00","2026-06-20 21:02:38+00"
"e9deaff2896f2d527300ff02fa8f962b","PT_02548-CSI-2025_C.18","PT_02548","Mercedes-Benz","Public","DE0007100000","529900R27DL06UVNT076","DEU","Europe & Central Asia","Germany","C2910","Motor Vehicles & Parts","t","t","t","t","SO","Social","CSI","Social Benchmark","CSI-2025","CSI","Social Benchmark","2025","C","Acting ethically","18","Responsible lobbying and political engagement fundamentals","0.00","2026-06-20 21:02:38+00"
"99d3ab83972cfa20b9225519cc6c05da","PT_01139-CSI-2025_C.18","PT_01139","Mazda","Public","JP3868400007","52990044YZJLICDQKK92","JPN","East Asia & Pacific","Japan","C2910","Motor Vehicles & Parts","t","t","t",,"SO","Social","CSI","Social Benchmark","CSI-2025","CSI","Social Benchmark","2025","C","Acting ethically","18","Responsible lobbying and political engagement fundamentals","0.00","2026-06-20 21:02:38+00"
"9c0910117940e6d70a46116cdc5b4609","PT_01168-CSI-2025_C.18","PT_01168","Michelin","Public","FR0000121261","549300SOSI58J6VIW052","FRA","Europe & Central Asia","France","C2211","Motor Vehicles & Parts","t","t","t","t","SO","Social","CSI","Social Benchmark","CSI-2025","CSI","Social Benchmark","2025","C","Acting ethically","18","Responsible lobbying and political engagement fundamentals","0.00","2026-06-20 21:02:38+00"
"b4b36151bde0cf6271fe312e34579afc","PT_00740-CSI-2025_B.14","PT_00740","General Motors","Public","US37045V1008","54930070NSV60J38I987","USA","North America","United States","C2910","Motor Vehicles & Parts","t","t","t",,"SO","Social","CSI","Social Benchmark","CSI-2025","CSI","Social Benchmark","2025","B","Providing and promoting decent work","14","Gender equality and women’s empowerment fundamentals","0.25","2026-06-20 21:02:38+00"
"6860c2fa80150533d263d7a3a76c4218","PT_00771-CSI-2025_B.14","PT_00771","Great Wall Motor Company","Public","CNE1000018V8","5299002PZDL54CMG5I32","CHN","East Asia & Pacific","China","C2910","Motor Vehicles & Parts",,"t",,,"SO","Social","CSI","Social Benchmark","CSI-2025","CSI","Social Benchmark","2025","B","Providing and promoting decent work","14","Gender equality and women’s empowerment fundamentals","0.00","2026-06-20 21:02:38+00"
"5d178a64c4deefb83802b23d2702a2d6","PT_00816-CSI-2025_B.14","PT_00816","Hankook Tire & Technology","Public","KR7161390000","9884001BIEVM09M7AH02","KOR","East Asia & Pacific","Korea, Rep.","C2211","Motor Vehicles & Parts","t","t",,,"SO","Social","CSI","Social Benchmark","CSI-2025","CSI","Social Benchmark","2025","B","Providing and promoting decent work","14","Gender equality and women’s empowerment fundamentals","0.25","2026-06-20 21:02:38+00"
"32fe24ff76058655115e40c4600dd5fa","PT_00880-CSI-2025_C.16","PT_00880","Hyundai Motor","Public","KR7005380001","9884004RQX8PRBXQ8S60","KOR","East Asia & Pacific","Korea, Rep.","C2910","Motor Vehicles & Parts","t","t",,,"SO","Social","CSI","Social Benchmark","CSI-2025","CSI","Social Benchmark","2025","C","Acting ethically","16","Responsible tax fundamentals","0.33","2026-06-20 21:02:38+00"
"0c281449ad352138c97098579c8173e0","PT_00855-CSI-2025_C.16","PT_00855","Honda Motor","Public","JP3854600008","549300P7ZYCQJ36CCS16","JPN","East Asia & Pacific","Japan","C2910","Motor Vehicles & Parts","t","t","t",,"SO","Social","CSI","Social Benchmark","CSI-2025","CSI","Social Benchmark","2025","C","Acting ethically","16","Responsible tax fundamentals","0.00","2026-06-20 21:02:38+00"
"c5e6c086cac10f99e8ceeae0ad3c6dc1","PT_00236-CSI-2025_A.01","PT_00236","BAIC","Public","CNE100001TJ4","300300X7ND2JNR96BA87","CHN","East Asia & Pacific","China","C2910","Motor Vehicles & Parts",,"t",,,"SO","Social","CSI","Social Benchmark","CSI-2025","CSI","Social Benchmark","2025","A","Respecting human rights","01","Commitment to respect human rights","0.00","2026-06-20 21:02:38+00"
"670044325be8b3f45fe0ced385abe354","PT_00345-CSI-2025_A.01","PT_00345","Cheng Shin Rubber","Public","TW0002105004","3003006VZBNKJZLNJ718","TWN","East Asia & Pacific","Taiwan, China","C2211","Motor Vehicles & Parts",,,,,"SO","Social","CSI","Social Benchmark","CSI-2025","CSI","Social Benchmark","2025","A","Respecting human rights","01","Commitment to respect human rights","0.00","2026-06-20 21:02:38+00"
"17b8d70188d5b7ba437294ce32dec7a0","PT_00771-CSI-2025_A.01","PT_00771","Great Wall Motor Company","Public","CNE1000018V8","5299002PZDL54CMG5I32","CHN","East Asia & Pacific","China","C2910","Motor Vehicles & Parts",,"t",,,"SO","Social","CSI","Social Benchmark","CSI-2025","CSI","Social Benchmark","2025","A","Respecting human rights","01","Commitment to respect human rights","0.00","2026-06-20 21:02:38+00"
"d39ce4d3500a9992f36700a96ff66172","PT_00740-CSI-2025_A.01","PT_00740","General Motors","Public","US37045V1008","54930070NSV60J38I987","USA","North America","United States","C2910","Motor Vehicles & Parts","t","t","t",,"SO","Social","CSI","Social Benchmark","CSI-2025","CSI","Social Benchmark","2025","A","Respecting human rights","01","Commitment to respect human rights","1.00","2026-06-20 21:02:38+00"
"34e9571d41faaaa0106fff9f48afd4ef","PT_00804-CSI-2025_A.01","PT_00804","GAC Group","Public","CNE100001NQ2","5299005KY9BJO3ZE6A37","CHN","East Asia & Pacific","China","C2910","Motor Vehicles & Parts",,"t",,,"SO","Social","CSI","Social Benchmark","CSI-2025","CSI","Social Benchmark","2025","A","Respecting human rights","01","Commitment to respect human rights","0.00","2026-06-20 21:02:38+00"
"ef67320e86bc2dfbf42a51c0b07c993d","PT_00763-CSI-2025_A.01","PT_00763","Goodyear Tire & Rubber","Public","US3825501014","5493002BI0S2ZQUY3437","USA","North America","United States","C2211","Motor Vehicles & Parts","t","t","t",,"SO","Social","CSI","Social Benchmark","CSI-2025","CSI","Social Benchmark","2025","A","Respecting human rights","01","Commitment to respect human rights","0.00","2026-06-20 21:02:38+00"
"336430b2307c07431d1e09bdb5a57636","PT_00816-CSI-2025_A.01","PT_00816","Hankook Tire & Technology","Public","KR7161390000","9884001BIEVM09M7AH02","KOR","East Asia & Pacific","Korea, Rep.","C2211","Motor Vehicles & Parts","t","t",,,"SO","Social","CSI","Social Benchmark","CSI-2025","CSI","Social Benchmark","2025","A","Respecting human rights","01","Commitment to respect human rights","1.00","2026-06-20 21:02:38+00"
"2e18b0d9261c7479c250e77235e99bfe","PT_01511-CSI-2025_A.01","PT_01511","Ryder System","Public","US7835491082","ZXJ6Y2OSPZXIVGRILD15","USA","North America","United States","N7710","Motor Vehicles & Parts","t","t","t",,"SO","Social","CSI","Social Benchmark","CSI-2025","CSI","Social Benchmark","2025","A","Respecting human rights","01","Commitment to respect human rights","1.00","2026-06-20 21:02:38+00"
"107cad67699a5c02cce72e9efeaab36f","PT_02152-CSI-2025_A.01","PT_02152","Chery Holding Group","Private",,"300300F08E6VWZVSVM95","CHN","East Asia & Pacific","China","C2910","Motor Vehicles & Parts",,"t",,,"SO","Social","CSI","Social Benchmark","CSI-2025","CSI","Social Benchmark","2025","A","Respecting human rights","01","Commitment to respect human rights","0.00","2026-06-20 21:02:38+00"
"b59d2623bdf85aa515051fc951785986","PT_02007-CSI-2025_A.01","PT_02007","Volkswagen","Public","DE0007664039","529900NNUPAGGOMPXZ31","DEU","Europe & Central Asia","Germany","C2910","Motor Vehicles & Parts","t","t","t","t","SO","Social","CSI","Social Benchmark","CSI-2025","CSI","Social Benchmark","2025","A","Respecting human rights","01","Commitment to respect human rights","1.00","2026-06-20 21:02:38+00"
"58a785e1f12a01b82a58a68c77ffbe63","PT_01993-CSI-2025_A.01","PT_01993","Geely Holding","Private",,"549300YS3T1KVQ2SNI84","CHN","East Asia & Pacific","China","C2910","Motor Vehicles & Parts",,"t",,,"SO","Social","CSI","Social Benchmark","CSI-2025","CSI","Social Benchmark","2025","A","Respecting human rights","01","Commitment to respect human rights","0.00","2026-06-20 21:02:38+00"
"5bcea5f107bf9f39e91b3c568fda1539","PT_01168-CSI-2025_A.01","PT_01168","Michelin","Public","FR0000121261","549300SOSI58J6VIW052","FRA","Europe & Central Asia","France","C2211","Motor Vehicles & Parts","t","t","t","t","SO","Social","CSI","Social Benchmark","CSI-2025","CSI","Social Benchmark","2025","A","Respecting human rights","01","Commitment to respect human rights","1.00","2026-06-20 21:02:38+00"
"869427a60f1b8253313d0e32c8e65457","PT_02008-CSI-2025_A.01","PT_02008","Tata Motors","Public","INE155A01022","335800BO2LHWJJ8TZI32","IND","South Asia","India","C2910","Motor Vehicles & Parts",,"t",,,"SO","Social","CSI","Social Benchmark","CSI-2025","CSI","Social Benchmark","2025","A","Respecting human rights","01","Commitment to respect human rights","1.00","2026-06-20 21:02:38+00"
"187540543cb732c8041fd62f52e7c8b5","PT_02038-CSI-2025_A.01","PT_02038","Kia","Public","KR7000270009","988400V8MJK9N7OI5X76","KOR","East Asia & Pacific","Korea, Rep.","C2910","Motor Vehicles & Parts","t","t",,,"SO","Social","CSI","Social Benchmark","CSI-2025","CSI","Social Benchmark","2025","A","Respecting human rights","01","Commitment to respect human rights","1.00","2026-06-20 21:02:38+00"
"063350ded2033c560def9083e4688efd","PT_01360-CSI-2025_A.01","PT_01360","PACCAR","Public","US6937181088","KDTEY8BWE486IKZ3CC07","USA","North America","United States","C2910","Motor Vehicles & Parts","t","t","t",,"SO","Social","CSI","Social Benchmark","CSI-2025","CSI","Social Benchmark","2025","A","Respecting human rights","01","Commitment to respect human rights","1.00","2026-06-20 21:02:38+00"
"f40fba857b7963a544de50c13de50853","PT_02726-CSI-2025_A.01","PT_02726","Daimler Truck","Public","DE000DTR0CK8","529900PW78JIYOUBSR24","DEU","Europe & Central Asia","Germany","C2910","Motor Vehicles & Parts","t","t","t","t","SO","Social","CSI","Social Benchmark","CSI-2025","CSI","Social Benchmark","2025","A","Respecting human rights","01","Commitment to respect human rights","1.00","2026-06-20 21:02:38+00"
"0f3a403ad5dda4937699db439922bb5e","PT_02726-CSI-2025_A.02","PT_02726","Daimler Truck","Public","DE000DTR0CK8","529900PW78JIYOUBSR24","DEU","Europe & Central Asia","Germany","C2910","Motor Vehicles & Parts","t","t","t","t","SO","Social","CSI","Social Benchmark","CSI-2025","CSI","Social Benchmark","2025","A","Respecting human rights","02","Commitment to respect the human rights of workers","0.50","2026-06-20 21:02:38+00"
"640f290847521580b3827c536c029460","PT_00771-CSI-2025_A.02","PT_00771","Great Wall Motor Company","Public","CNE1000018V8","5299002PZDL54CMG5I32","CHN","East Asia & Pacific","China","C2910","Motor Vehicles & Parts",,"t",,,"SO","Social","CSI","Social Benchmark","CSI-2025","CSI","Social Benchmark","2025","A","Respecting human rights","02","Commitment to respect the human rights of workers","0.00","2026-06-20 21:02:38+00"
"86eb1f8e64e71144d35341a7bb05c5e0","PT_00705-CSI-2025_A.02","PT_00705","Ford","Public","US3453708600","20S05OYHG0MQM4VUIC57","USA","North America","United States","C2910","Motor Vehicles & Parts","t","t","t",,"SO","Social","CSI","Social Benchmark","CSI-2025","CSI","Social Benchmark","2025","A","Respecting human rights","02","Commitment to respect the human rights of workers","1.00","2026-06-20 21:02:38+00"
"07f0a469b01aba88d4ea97163bd4cd24","PT_00275-CSI-2025_A.02","PT_00275","Bridgestone","Public","JP3830800003","549300DHPOF90OYYD780","JPN","East Asia & Pacific","Japan","C2211","Motor Vehicles & Parts","t","t","t",,"SO","Social","CSI","Social Benchmark","CSI-2025","CSI","Social Benchmark","2025","A","Respecting human rights","02","Commitment to respect the human rights of workers","0.50","2026-06-20 21:02:38+00"
"cdd02d4f2132ee323a34c759cb4bc3e3","PT_00341-CSI-2025_A.02","PT_00341","Changan Automobile","Public","CNE000000R36","300300WKFSBX9P5ZOM25","CHN","East Asia & Pacific","China","C2910","Motor Vehicles & Parts",,"t",,,"SO","Social","CSI","Social Benchmark","CSI-2025","CSI","Social Benchmark","2025","A","Respecting human rights","02","Commitment to respect the human rights of workers","0.00","2026-06-20 21:02:38+00"
"092976da5011667b4f5891034e5e0321","PT_00290-CSI-2025_A.02","PT_00290","BYD","Public","CNE100001526","5299001O3LAFGRPZ3Y63","CHN","East Asia & Pacific","China","C2910","Motor Vehicles & Parts",,"t",,,"SO","Social","CSI","Social Benchmark","CSI-2025","CSI","Social Benchmark","2025","A","Respecting human rights","02","Commitment to respect the human rights of workers","0.00","2026-06-20 21:02:38+00"
"695eb9266de5e6de31cabd4e75343f42","PT_00804-CSI-2025_A.02","PT_00804","GAC Group","Public","CNE100001NQ2","5299005KY9BJO3ZE6A37","CHN","East Asia & Pacific","China","C2910","Motor Vehicles & Parts",,"t",,,"SO","Social","CSI","Social Benchmark","CSI-2025","CSI","Social Benchmark","2025","A","Respecting human rights","02","Commitment to respect the human rights of workers","0.00","2026-06-20 21:02:38+00"
"5202c5e72d2c2149c022f0685ac4b83b","PT_02038-CSI-2025_A.02","PT_02038","Kia","Public","KR7000270009","988400V8MJK9N7OI5X76","KOR","East Asia & Pacific","Korea, Rep.","C2910","Motor Vehicles & Parts","t","t",,,"SO","Social","CSI","Social Benchmark","CSI-2025","CSI","Social Benchmark","2025","A","Respecting human rights","02","Commitment to respect the human rights of workers","0.00","2026-06-20 21:02:38+00"
"247ccc341798ee86b4cc8c9e839dc210","PT_02037-CSI-2025_A.02","PT_02037","JAC Motors","Public","CNE0000018M9","300300KQABCMFKN2E931","CHN","East Asia & Pacific","China","C2910","Motor Vehicles & Parts",,"t",,,"SO","Social","CSI","Social Benchmark","CSI-2025","CSI","Social Benchmark","2025","A","Respecting human rights","02","Commitment to respect the human rights of workers","0.00","2026-06-20 21:02:38+00"
"f2a2958ab8ba4cd38da8fc60e8634b63","PT_01168-CSI-2025_A.02","PT_01168","Michelin","Public","FR0000121261","549300SOSI58J6VIW052","FRA","Europe & Central Asia","France","C2211","Motor Vehicles & Parts","t","t","t","t","SO","Social","CSI","Social Benchmark","CSI-2025","CSI","Social Benchmark","2025","A","Respecting human rights","02","Commitment to respect the human rights of workers","0.50","2026-06-20 21:02:38+00"
"27637afff5bd6cb27f7e887d81116e3e","PT_00572-CSI-2025_A.02","PT_00572","Dongfeng Motor Group","Public","CNE100000312","300300XR7ZL54H8GBA06","CHN","East Asia & Pacific","China","C2910","Motor Vehicles & Parts",,"t",,,"SO","Social","CSI","Social Benchmark","CSI-2025","CSI","Social Benchmark","2025","A","Respecting human rights","02","Commitment to respect the human rights of workers","0.00","2026-06-20 21:02:38+00"
"cddad2235c6d1058fa06e694bd1cb477","PT_00472-CSI-2025_A.02","PT_00472","Continental","Public","DE0005439004","529900A7YD9C0LLXM621","DEU","Europe & Central Asia","Germany","C2211","Motor Vehicles & Parts","t","t","t","t","SO","Social","CSI","Social Benchmark","CSI-2025","CSI","Social Benchmark","2025","A","Respecting human rights","02","Commitment to respect the human rights of workers","0.50","2026-06-20 21:02:38+00"
"ce2a63f02ceb43ccdd91916d6e3dcf4e","PT_00275-CSI-2025_A.03","PT_00275","Bridgestone","Public","JP3830800003","549300DHPOF90OYYD780","JPN","East Asia & Pacific","Japan","C2211","Motor Vehicles & Parts","t","t","t",,"SO","Social","CSI","Social Benchmark","CSI-2025","CSI","Social Benchmark","2025","A","Respecting human rights","03","Commitment to remedy","0.00","2026-06-20 21:02:38+00"
"01e313501ec77c1ac3e9dd72d043b1bd","PT_00345-CSI-2025_A.03","PT_00345","Cheng Shin Rubber","Public","TW0002105004","3003006VZBNKJZLNJ718","TWN","East Asia & Pacific","Taiwan, China","C2211","Motor Vehicles & Parts",,,,,"SO","Social","CSI","Social Benchmark","CSI-2025","CSI","Social Benchmark","2025","A","Respecting human rights","03","Commitment to remedy","0.00","2026-06-20 21:02:38+00"
"ecb968e78e2d5b177502a37125e5846f","PT_00236-CSI-2025_A.03","PT_00236","BAIC","Public","CNE100001TJ4","300300X7ND2JNR96BA87","CHN","East Asia & Pacific","China","C2910","Motor Vehicles & Parts",,"t",,,"SO","Social","CSI","Social Benchmark","CSI-2025","CSI","Social Benchmark","2025","A","Respecting human rights","03","Commitment to remedy","0.00","2026-06-20 21:02:38+00"
"e4b2f8c78505adeddab7f46ea7c88aba","PT_00341-CSI-2025_A.03","PT_00341","Changan Automobile","Public","CNE000000R36","300300WKFSBX9P5ZOM25","CHN","East Asia & Pacific","China","C2910","Motor Vehicles & Parts",,"t",,,"SO","Social","CSI","Social Benchmark","CSI-2025","CSI","Social Benchmark","2025","A","Respecting human rights","03","Commitment to remedy","0.00","2026-06-20 21:02:38+00"
"108a24baf45ceda6434db8fac2c3814d","PT_00290-CSI-2025_A.03","PT_00290","BYD","Public","CNE100001526","5299001O3LAFGRPZ3Y63","CHN","East Asia & Pacific","China","C2910","Motor Vehicles & Parts",,"t",,,"SO","Social","CSI","Social Benchmark","CSI-2025","CSI","Social Benchmark","2025","A","Respecting human rights","03","Commitment to remedy","0.00","2026-06-20 21:02:38+00"
"3a2de36e66a4b72cde8a5b543e17c92e","PT_00261-CSI-2025_A.03","PT_00261","BMW","Public","DE0005190003","YEH5ZCD6E441RHVHD759","DEU","Europe & Central Asia","Germany","C2910","Motor Vehicles & Parts","t","t","t","t","SO","Social","CSI","Social Benchmark","CSI-2025","CSI","Social Benchmark","2025","A","Respecting human rights","03","Commitment to remedy","1.00","2026-06-20 21:02:38+00"
"0827ef96df177c343d730fb35165f17c","PT_00804-CSI-2025_A.03","PT_00804","GAC Group","Public","CNE100001NQ2","5299005KY9BJO3ZE6A37","CHN","East Asia & Pacific","China","C2910","Motor Vehicles & Parts",,"t",,,"SO","Social","CSI","Social Benchmark","CSI-2025","CSI","Social Benchmark","2025","A","Respecting human rights","03","Commitment to remedy","0.00","2026-06-20 21:02:38+00"
"607a2b85b303c834cd8e054cf5d7d295","PT_00763-CSI-2025_A.03","PT_00763","Goodyear Tire & Rubber","Public","US3825501014","5493002BI0S2ZQUY3437","USA","North America","United States","C2211","Motor Vehicles & Parts","t","t","t",,"SO","Social","CSI","Social Benchmark","CSI-2025","CSI","Social Benchmark","2025","A","Respecting human rights","03","Commitment to remedy","0.00","2026-06-20 21:02:38+00"
"5c0ac87e83eb27ff5508f9a11fe192e4","PT_00740-CSI-2025_A.03","PT_00740","General Motors","Public","US37045V1008","54930070NSV60J38I987","USA","North America","United States","C2910","Motor Vehicles & Parts","t","t","t",,"SO","Social","CSI","Social Benchmark","CSI-2025","CSI","Social Benchmark","2025","A","Respecting human rights","03","Commitment to remedy","0.00","2026-06-20 21:02:38+00"
"92aaea5878c5114848f1bd61be5fb888","PT_01116-CSI-2025_A.03","PT_01116","Mahindra and Mahindra","Public","INE101A01026","3358003B573EV4KB4Z02","IND","South Asia","India","C2910","Motor Vehicles & Parts",,"t",,,"SO","Social","CSI","Social Benchmark","CSI-2025","CSI","Social Benchmark","2025","A","Respecting human rights","03","Commitment to remedy","0.00","2026-06-20 21:02:38+00"
"acf8c9a1d0f30b1f84045a6841e0791c","PT_01139-CSI-2025_A.03","PT_01139","Mazda","Public","JP3868400007","52990044YZJLICDQKK92","JPN","East Asia & Pacific","Japan","C2910","Motor Vehicles & Parts","t","t","t",,"SO","Social","CSI","Social Benchmark","CSI-2025","CSI","Social Benchmark","2025","A","Respecting human rights","03","Commitment to remedy","0.50","2026-06-20 21:02:38+00"
"e8585439e13e65ef372def503f4bd870","PT_01168-CSI-2025_A.03","PT_01168","Michelin","Public","FR0000121261","549300SOSI58J6VIW052","FRA","Europe & Central Asia","France","C2211","Motor Vehicles & Parts","t","t","t","t","SO","Social","CSI","Social Benchmark","CSI-2025","CSI","Social Benchmark","2025","A","Respecting human rights","03","Commitment to remedy","0.50","2026-06-20 21:02:38+00"
"8aa9e5a9e07ea2434d12029291b73763","PT_01703-CSI-2025_A.03","PT_01703","Suzuki","Public","JP3397200001","353800D83H0V3ZV1SV24","JPN","East Asia & Pacific","Japan","C2910","Motor Vehicles & Parts","t","t","t",,"SO","Social","CSI","Social Benchmark","CSI-2025","CSI","Social Benchmark","2025","A","Respecting human rights","03","Commitment to remedy","0.50","2026-06-20 21:02:38+00"
"d6de9ad0e2354dcb2676a94bdb16c6db","PT_02109-CSI-2025_A.03","PT_02109","Volvo","Public","SE0000115446","549300HGV012CNC8JD22","SWE","Europe & Central Asia","Sweden","C2910","Motor Vehicles & Parts","t",,,"t","SO","Social","CSI","Social Benchmark","CSI-2025","CSI","Social Benchmark","2025","A","Respecting human rights","03","Commitment to remedy","0.00","2026-06-20 21:02:38+00"
"5420649c0e5766e279ad7c12ad80b888","PT_00236-CSI-2025_A.04","PT_00236","BAIC","Public","CNE100001TJ4","300300X7ND2JNR96BA87","CHN","East Asia & Pacific","China","C2910","Motor Vehicles & Parts",,"t",,,"SO","Social","CSI","Social Benchmark","CSI-2025","CSI","Social Benchmark","2025","A","Respecting human rights","04","Identifying human rights risks and impacts","0.00","2026-06-20 21:02:38+00"
"d09e93d0344c923d08a506651ed780cf","PT_02152-CSI-2025_A.03","PT_02152","Chery Holding Group","Private",,"300300F08E6VWZVSVM95","CHN","East Asia & Pacific","China","C2910","Motor Vehicles & Parts",,"t",,,"SO","Social","CSI","Social Benchmark","CSI-2025","CSI","Social Benchmark","2025","A","Respecting human rights","03","Commitment to remedy","0.00","2026-06-20 21:02:38+00"
"1793629a334a4f7806cef28085f855de","PT_00341-CSI-2025_A.01","PT_00341","Changan Automobile","Public","CNE000000R36","300300WKFSBX9P5ZOM25","CHN","East Asia & Pacific","China","C2910","Motor Vehicles & Parts",,"t",,,"SO","Social","CSI","Social Benchmark","CSI-2025","CSI","Social Benchmark","2025","A","Respecting human rights","01","Commitment to respect human rights","0.00","2026-06-20 21:02:38+00"
"5e187b34204bee5b42647c9fdc581d71","PT_00261-CSI-2025_A.01","PT_00261","BMW","Public","DE0005190003","YEH5ZCD6E441RHVHD759","DEU","Europe & Central Asia","Germany","C2910","Motor Vehicles & Parts","t","t","t","t","SO","Social","CSI","Social Benchmark","CSI-2025","CSI","Social Benchmark","2025","A","Respecting human rights","01","Commitment to respect human rights","1.00","2026-06-20 21:02:38+00"
"d698449b71bc1fb9ef15d89820478459","PT_00290-CSI-2025_A.01","PT_00290","BYD","Public","CNE100001526","5299001O3LAFGRPZ3Y63","CHN","East Asia & Pacific","China","C2910","Motor Vehicles & Parts",,"t",,,"SO","Social","CSI","Social Benchmark","CSI-2025","CSI","Social Benchmark","2025","A","Respecting human rights","01","Commitment to respect human rights","1.00","2026-06-20 21:02:38+00"
"f5b1c64a3c330478a1a168dc73a5c1d5","PT_00880-CSI-2025_A.01","PT_00880","Hyundai Motor","Public","KR7005380001","9884004RQX8PRBXQ8S60","KOR","East Asia & Pacific","Korea, Rep.","C2910","Motor Vehicles & Parts","t","t",,,"SO","Social","CSI","Social Benchmark","CSI-2025","CSI","Social Benchmark","2025","A","Respecting human rights","01","Commitment to respect human rights","1.00","2026-06-20 21:02:38+00"
"b741192dfe2f4a78b6e5233d44186a13","PT_01812-CSI-2025_A.01","PT_01812","Toyota","Public","JP3633400001","5493006W3QUS5LMH6R84","JPN","East Asia & Pacific","Japan","C2910","Motor Vehicles & Parts","t","t","t",,"SO","Social","CSI","Social Benchmark","CSI-2025","CSI","Social Benchmark","2025","A","Respecting human rights","01","Commitment to respect human rights","1.00","2026-06-20 21:02:38+00"
"e8c9f1edd623ab5ca472bcc753a70746","PT_01678-CSI-2025_A.01","PT_01678","Subaru Corporation","Public","JP3814800003","549300N244BVAEE6HH86","JPN","East Asia & Pacific","Japan","C2910","Motor Vehicles & Parts","t","t","t",,"SO","Social","CSI","Social Benchmark","CSI-2025","CSI","Social Benchmark","2025","A","Respecting human rights","01","Commitment to respect human rights","1.00","2026-06-20 21:02:38+00"
"0860eac776a069192e2bcd639c72ccb7","PT_01476-CSI-2025_A.01","PT_01476","Renault","Public","FR0000131906","969500F7JLTX36OUI695","FRA","Europe & Central Asia","France","C2910","Motor Vehicles & Parts","t","t","t","t","SO","Social","CSI","Social Benchmark","CSI-2025","CSI","Social Benchmark","2025","A","Respecting human rights","01","Commitment to respect human rights","1.00","2026-06-20 21:02:38+00"
"75d8e43ce1f994521654105153e6ff3a","PT_01518-CSI-2025_A.01","PT_01518","SAIC Motor","Public","CNE000000TY6","30030001QBC7EXJJGT71","CHN","East Asia & Pacific","China","C2910","Motor Vehicles & Parts",,"t",,,"SO","Social","CSI","Social Benchmark","CSI-2025","CSI","Social Benchmark","2025","A","Respecting human rights","01","Commitment to respect human rights","0.00","2026-06-20 21:02:38+00"
"8b4245974e0d64b21567fd9f98440744","PT_01139-CSI-2025_A.01","PT_01139","Mazda","Public","JP3868400007","52990044YZJLICDQKK92","JPN","East Asia & Pacific","Japan","C2910","Motor Vehicles & Parts","t","t","t",,"SO","Social","CSI","Social Benchmark","CSI-2025","CSI","Social Benchmark","2025","A","Respecting human rights","01","Commitment to respect human rights","1.00","2026-06-20 21:02:38+00"
"fc4346b879e68500a6fe324399d77dbe","PT_02109-CSI-2025_A.01","PT_02109","Volvo","Public","SE0000115446","549300HGV012CNC8JD22","SWE","Europe & Central Asia","Sweden","C2910","Motor Vehicles & Parts","t",,,"t","SO","Social","CSI","Social Benchmark","CSI-2025","CSI","Social Benchmark","2025","A","Respecting human rights","01","Commitment to respect human rights","1.00","2026-06-20 21:02:38+00"
"8abcb46596fdbd63061d522900372bea","PT_02009-CSI-2025_A.01","PT_02009","Mitsubishi Motors Corporation","Public","JP3899800001","5299006ZTN6MO1N5BR16","JPN","East Asia & Pacific","Japan","C2910","Motor Vehicles & Parts","t","t","t",,"SO","Social","CSI","Social Benchmark","CSI-2025","CSI","Social Benchmark","2025","A","Respecting human rights","01","Commitment to respect human rights","1.00","2026-06-20 21:02:38+00"
"3e1411a365ff42ff5d717556015ec6b6","PT_01995-CSI-2025_A.01","PT_01995","Zhongce Rubber Group","Private",,"3003009F43G96IGM7906","CHN","East Asia & Pacific","China","C2211","Motor Vehicles & Parts",,"t",,,"SO","Social","CSI","Social Benchmark","CSI-2025","CSI","Social Benchmark","2025","A","Respecting human rights","01","Commitment to respect human rights","0.00","2026-06-20 21:02:38+00"
"65a97f5b42ca73bb54a51d08ca04cfb3","PT_01978-CSI-2025_A.01","PT_01978","Yokohama Rubber","Public","JP3955800002","52990036XNWY2FMYWB76","JPN","East Asia & Pacific","Japan","C2211","Motor Vehicles & Parts","t","t","t",,"SO","Social","CSI","Social Benchmark","CSI-2025","CSI","Social Benchmark","2025","A","Respecting human rights","01","Commitment to respect human rights","1.00","2026-06-20 21:02:38+00"
"cb5870b013716efe4d750b635195ca54","PT_02037-CSI-2025_A.01","PT_02037","JAC Motors","Public","CNE0000018M9","300300KQABCMFKN2E931","CHN","East Asia & Pacific","China","C2910","Motor Vehicles & Parts",,"t",,,"SO","Social","CSI","Social Benchmark","CSI-2025","CSI","Social Benchmark","2025","A","Respecting human rights","01","Commitment to respect human rights","0.00","2026-06-20 21:02:38+00"
"ee4cafe93e0ce7c6631ce9280a7eea7e","PT_02727-CSI-2025_A.01","PT_02727","Scania","Private",,"52990000AKKX75BMWB43","SWE","Europe & Central Asia","Sweden","C2910","Motor Vehicles & Parts","t",,,"t","SO","Social","CSI","Social Benchmark","CSI-2025","CSI","Social Benchmark","2025","A","Respecting human rights","01","Commitment to respect human rights","1.00","2026-06-20 21:02:38+00"
"93d2a5972d73e434cade4837da3f2639","PT_02727-CSI-2025_A.02","PT_02727","Scania","Private",,"52990000AKKX75BMWB43","SWE","Europe & Central Asia","Sweden","C2910","Motor Vehicles & Parts","t",,,"t","SO","Social","CSI","Social Benchmark","CSI-2025","CSI","Social Benchmark","2025","A","Respecting human rights","02","Commitment to respect the human rights of workers","0.50","2026-06-20 21:02:38+00"
"591a3a637018235b5955d0b8b2dd2674","PT_01511-CSI-2025_A.02","PT_01511","Ryder System","Public","US7835491082","ZXJ6Y2OSPZXIVGRILD15","USA","North America","United States","N7710","Motor Vehicles & Parts","t","t","t",,"SO","Social","CSI","Social Benchmark","CSI-2025","CSI","Social Benchmark","2025","A","Respecting human rights","02","Commitment to respect the human rights of workers","0.50","2026-06-20 21:02:38+00"
"f8227ad3cdc697f5bea6bb12da48d7da","PT_01476-CSI-2025_A.02","PT_01476","Renault","Public","FR0000131906","969500F7JLTX36OUI695","FRA","Europe & Central Asia","France","C2910","Motor Vehicles & Parts","t","t","t","t","SO","Social","CSI","Social Benchmark","CSI-2025","CSI","Social Benchmark","2025","A","Respecting human rights","02","Commitment to respect the human rights of workers","1.00","2026-06-20 21:02:38+00"
"eec2f5b34eb01258fb8d07a33f2c15e8","PT_01518-CSI-2025_A.02","PT_01518","SAIC Motor","Public","CNE000000TY6","30030001QBC7EXJJGT71","CHN","East Asia & Pacific","China","C2910","Motor Vehicles & Parts",,"t",,,"SO","Social","CSI","Social Benchmark","CSI-2025","CSI","Social Benchmark","2025","A","Respecting human rights","02","Commitment to respect the human rights of workers","0.00","2026-06-20 21:02:38+00"
"0b60b6eebc95f0c83360e0243a98cc4e","PT_00345-CSI-2025_A.02","PT_00345","Cheng Shin Rubber","Public","TW0002105004","3003006VZBNKJZLNJ718","TWN","East Asia & Pacific","Taiwan, China","C2211","Motor Vehicles & Parts",,,,,"SO","Social","CSI","Social Benchmark","CSI-2025","CSI","Social Benchmark","2025","A","Respecting human rights","02","Commitment to respect the human rights of workers","0.00","2026-06-20 21:02:38+00"
"352e8cb8cc71c631689411ccf3c4b565","PT_00816-CSI-2025_A.02","PT_00816","Hankook Tire & Technology","Public","KR7161390000","9884001BIEVM09M7AH02","KOR","East Asia & Pacific","Korea, Rep.","C2211","Motor Vehicles & Parts","t","t",,,"SO","Social","CSI","Social Benchmark","CSI-2025","CSI","Social Benchmark","2025","A","Respecting human rights","02","Commitment to respect the human rights of workers","0.00","2026-06-20 21:02:38+00"
"e99767be27976cca9090011bdc0b3af5","PT_00763-CSI-2025_A.02","PT_00763","Goodyear Tire & Rubber","Public","US3825501014","5493002BI0S2ZQUY3437","USA","North America","United States","C2211","Motor Vehicles & Parts","t","t","t",,"SO","Social","CSI","Social Benchmark","CSI-2025","CSI","Social Benchmark","2025","A","Respecting human rights","02","Commitment to respect the human rights of workers","0.00","2026-06-20 21:02:38+00"
"e73cde8a9400c4f4ea69520039f3ea1b","PT_00740-CSI-2025_A.02","PT_00740","General Motors","Public","US37045V1008","54930070NSV60J38I987","USA","North America","United States","C2910","Motor Vehicles & Parts","t","t","t",,"SO","Social","CSI","Social Benchmark","CSI-2025","CSI","Social Benchmark","2025","A","Respecting human rights","02","Commitment to respect the human rights of workers","0.50","2026-06-20 21:02:38+00"
"b8d57f26e4bc96db4146fe18c58e2085","PT_00236-CSI-2025_A.02","PT_00236","BAIC","Public","CNE100001TJ4","300300X7ND2JNR96BA87","CHN","East Asia & Pacific","China","C2910","Motor Vehicles & Parts",,"t",,,"SO","Social","CSI","Social Benchmark","CSI-2025","CSI","Social Benchmark","2025","A","Respecting human rights","02","Commitment to respect the human rights of workers","0.00","2026-06-20 21:02:38+00"
"fac071b16e8d2f88d336c26581345787","PT_00855-CSI-2025_A.02","PT_00855","Honda Motor","Public","JP3854600008","549300P7ZYCQJ36CCS16","JPN","East Asia & Pacific","Japan","C2910","Motor Vehicles & Parts","t","t","t",,"SO","Social","CSI","Social Benchmark","CSI-2025","CSI","Social Benchmark","2025","A","Respecting human rights","02","Commitment to respect the human rights of workers","0.00","2026-06-20 21:02:38+00"
"7d911eb693ed321219d42eab6f565874","PT_01812-CSI-2025_A.02","PT_01812","Toyota","Public","JP3633400001","5493006W3QUS5LMH6R84","JPN","East Asia & Pacific","Japan","C2910","Motor Vehicles & Parts","t","t","t",,"SO","Social","CSI","Social Benchmark","CSI-2025","CSI","Social Benchmark","2025","A","Respecting human rights","02","Commitment to respect the human rights of workers","0.00","2026-06-20 21:02:38+00"
"949b40fcaa47cd1766e4c6ea1894df4d","PT_01678-CSI-2025_A.02","PT_01678","Subaru Corporation","Public","JP3814800003","549300N244BVAEE6HH86","JPN","East Asia & Pacific","Japan","C2910","Motor Vehicles & Parts","t","t","t",,"SO","Social","CSI","Social Benchmark","CSI-2025","CSI","Social Benchmark","2025","A","Respecting human rights","02","Commitment to respect the human rights of workers","0.50","2026-06-20 21:02:38+00"
"6923b5dbf83e0dc50b3ddc6c32932225","PT_01766-CSI-2025_A.02","PT_01766","Tesla","Public","US88160R1014","54930043XZGB27CTOV49","USA","North America","United States","C2910","Motor Vehicles & Parts","t","t","t",,"SO","Social","CSI","Social Benchmark","CSI-2025","CSI","Social Benchmark","2025","A","Respecting human rights","02","Commitment to respect the human rights of workers","0.00","2026-06-20 21:02:38+00"
"ca76bab5558882fdc93006c18406d6a7","PT_01703-CSI-2025_A.02","PT_01703","Suzuki","Public","JP3397200001","353800D83H0V3ZV1SV24","JPN","East Asia & Pacific","Japan","C2910","Motor Vehicles & Parts","t","t","t",,"SO","Social","CSI","Social Benchmark","CSI-2025","CSI","Social Benchmark","2025","A","Respecting human rights","02","Commitment to respect the human rights of workers","0.00","2026-06-20 21:02:38+00"
"4412351f459c76061b51733e0e51b83b","PT_02109-CSI-2025_A.02","PT_02109","Volvo","Public","SE0000115446","549300HGV012CNC8JD22","SWE","Europe & Central Asia","Sweden","C2910","Motor Vehicles & Parts","t",,,"t","SO","Social","CSI","Social Benchmark","CSI-2025","CSI","Social Benchmark","2025","A","Respecting human rights","02","Commitment to respect the human rights of workers","0.00","2026-06-20 21:02:38+00"
"75018316852abea29220c3085b32dce6","PT_02151-CSI-2025_A.02","PT_02151","Stellantis","Public","NL00150001Q9","549300LKT9PW7ZIBDF31","NLD","Europe & Central Asia","Netherlands","C2910","Motor Vehicles & Parts","t",,,"t","SO","Social","CSI","Social Benchmark","CSI-2025","CSI","Social Benchmark","2025","A","Respecting human rights","02","Commitment to respect the human rights of workers","0.00","2026-06-20 21:02:38+00"
"8e0c0ac4953746b77e95fa8fa527cbfa","PT_01280-CSI-2025_A.02","PT_01280","Nissan Motor","Public","JP3672400003","353800DRBDH1LUTNAY26","JPN","East Asia & Pacific","Japan","C2910","Motor Vehicles & Parts","t","t","t",,"SO","Social","CSI","Social Benchmark","CSI-2025","CSI","Social Benchmark","2025","A","Respecting human rights","02","Commitment to respect the human rights of workers","0.50","2026-06-20 21:02:38+00"
"a165663ad274654cbf5c193b2c3ff706","PT_02548-CSI-2025_A.03","PT_02548","Mercedes-Benz","Public","DE0007100000","529900R27DL06UVNT076","DEU","Europe & Central Asia","Germany","C2910","Motor Vehicles & Parts","t","t","t","t","SO","Social","CSI","Social Benchmark","CSI-2025","CSI","Social Benchmark","2025","A","Respecting human rights","03","Commitment to remedy","0.00","2026-06-20 21:02:38+00"
"9e51ab41a9c6b7147888fdadebf6d13b","PT_00880-CSI-2025_A.03","PT_00880","Hyundai Motor","Public","KR7005380001","9884004RQX8PRBXQ8S60","KOR","East Asia & Pacific","Korea, Rep.","C2910","Motor Vehicles & Parts","t","t",,,"SO","Social","CSI","Social Benchmark","CSI-2025","CSI","Social Benchmark","2025","A","Respecting human rights","03","Commitment to remedy","0.00","2026-06-20 21:02:38+00"
"54f5224c51d05e99c8439df74d3d0d9f","PT_00367-CSI-2025_A.03","PT_00367","FAW","Government",,"300300MX7XTA1YIALI60","CHN","East Asia & Pacific","China","C2910","Motor Vehicles & Parts",,"t",,,"SO","Social","CSI","Social Benchmark","CSI-2025","CSI","Social Benchmark","2025","A","Respecting human rights","03","Commitment to remedy","0.00","2026-06-20 21:02:38+00"
"91d2ae31b47e1097627dfe0d091d3369","PT_00771-CSI-2025_A.03","PT_00771","Great Wall Motor Company","Public","CNE1000018V8","5299002PZDL54CMG5I32","CHN","East Asia & Pacific","China","C2910","Motor Vehicles & Parts",,"t",,,"SO","Social","CSI","Social Benchmark","CSI-2025","CSI","Social Benchmark","2025","A","Respecting human rights","03","Commitment to remedy","0.00","2026-06-20 21:02:38+00"
"5535bd97d59c919a66ef0f20b83d095c","PT_01409-CSI-2025_A.03","PT_01409","Pirelli & C","Public","IT0005278236","815600A0C9AFC1F2A709","ITA","Europe & Central Asia","Italy","C2211","Motor Vehicles & Parts","t","t","t","t","SO","Social","CSI","Social Benchmark","CSI-2025","CSI","Social Benchmark","2025","A","Respecting human rights","03","Commitment to remedy","0.00","2026-06-20 21:02:38+00"
"acb3c5e9e0b82f6647ddaf705af6cc80","PT_01766-CSI-2025_A.03","PT_01766","Tesla","Public","US88160R1014","54930043XZGB27CTOV49","USA","North America","United States","C2910","Motor Vehicles & Parts","t","t","t",,"SO","Social","CSI","Social Benchmark","CSI-2025","CSI","Social Benchmark","2025","A","Respecting human rights","03","Commitment to remedy","0.00","2026-06-20 21:02:38+00"
"2d19d74415e3ac7030fe90379c26ebdd","PT_01678-CSI-2025_A.03","PT_01678","Subaru Corporation","Public","JP3814800003","549300N244BVAEE6HH86","JPN","East Asia & Pacific","Japan","C2910","Motor Vehicles & Parts","t","t","t",,"SO","Social","CSI","Social Benchmark","CSI-2025","CSI","Social Benchmark","2025","A","Respecting human rights","03","Commitment to remedy","0.00","2026-06-20 21:02:38+00"
"8176184172e35fd3005ea5ef8f11e6ef","PT_02037-CSI-2025_A.03","PT_02037","JAC Motors","Public","CNE0000018M9","300300KQABCMFKN2E931","CHN","East Asia & Pacific","China","C2910","Motor Vehicles & Parts",,"t",,,"SO","Social","CSI","Social Benchmark","CSI-2025","CSI","Social Benchmark","2025","A","Respecting human rights","03","Commitment to remedy","0.00","2026-06-20 21:02:38+00"
"6f28537025a46d9bde4e87afaa6bd06f","PT_02009-CSI-2025_A.03","PT_02009","Mitsubishi Motors Corporation","Public","JP3899800001","5299006ZTN6MO1N5BR16","JPN","East Asia & Pacific","Japan","C2910","Motor Vehicles & Parts","t","t","t",,"SO","Social","CSI","Social Benchmark","CSI-2025","CSI","Social Benchmark","2025","A","Respecting human rights","03","Commitment to remedy","0.50","2026-06-20 21:02:38+00"
"1b3802315085a48de65d7c52cfa18d2d","PT_00472-CSI-2025_A.03","PT_00472","Continental","Public","DE0005439004","529900A7YD9C0LLXM621","DEU","Europe & Central Asia","Germany","C2211","Motor Vehicles & Parts","t","t","t","t","SO","Social","CSI","Social Benchmark","CSI-2025","CSI","Social Benchmark","2025","A","Respecting human rights","03","Commitment to remedy","0.00","2026-06-20 21:02:38+00"
"48a0ca35aa3e74b1f218fd792e8d4222","PT_00572-CSI-2025_A.03","PT_00572","Dongfeng Motor Group","Public","CNE100000312","300300XR7ZL54H8GBA06","CHN","East Asia & Pacific","China","C2910","Motor Vehicles & Parts",,"t",,,"SO","Social","CSI","Social Benchmark","CSI-2025","CSI","Social Benchmark","2025","A","Respecting human rights","03","Commitment to remedy","0.00","2026-06-20 21:02:38+00"
"2c0097126459b432150f7bea52bdcb30","PT_01993-CSI-2025_A.03","PT_01993","Geely Holding","Private",,"549300YS3T1KVQ2SNI84","CHN","East Asia & Pacific","China","C2910","Motor Vehicles & Parts",,"t",,,"SO","Social","CSI","Social Benchmark","CSI-2025","CSI","Social Benchmark","2025","A","Respecting human rights","03","Commitment to remedy","0.00","2026-06-20 21:02:38+00"
"560ab6c30593fe2b022ca4fad745f565","PT_01995-CSI-2025_A.03","PT_01995","Zhongce Rubber Group","Private",,"3003009F43G96IGM7906","CHN","East Asia & Pacific","China","C2211","Motor Vehicles & Parts",,"t",,,"SO","Social","CSI","Social Benchmark","CSI-2025","CSI","Social Benchmark","2025","A","Respecting human rights","03","Commitment to remedy","0.00","2026-06-20 21:02:38+00"
"b5225a4176de94d156c3af603f84c01a","PT_02008-CSI-2025_A.03","PT_02008","Tata Motors","Public","INE155A01022","335800BO2LHWJJ8TZI32","IND","South Asia","India","C2910","Motor Vehicles & Parts",,"t",,,"SO","Social","CSI","Social Benchmark","CSI-2025","CSI","Social Benchmark","2025","A","Respecting human rights","03","Commitment to remedy","0.00","2026-06-20 21:02:38+00"
"16237e93199eb869769f61e8f95a2694","PT_00290-CSI-2025_A.04","PT_00290","BYD","Public","CNE100001526","5299001O3LAFGRPZ3Y63","CHN","East Asia & Pacific","China","C2910","Motor Vehicles & Parts",,"t",,,"SO","Social","CSI","Social Benchmark","CSI-2025","CSI","Social Benchmark","2025","A","Respecting human rights","04","Identifying human rights risks and impacts","0.00","2026-06-20 21:02:38+00"
"7092ae37a9864c9a53ed82c32f2e4530","PT_00261-CSI-2025_A.04","PT_00261","BMW","Public","DE0005190003","YEH5ZCD6E441RHVHD759","DEU","Europe & Central Asia","Germany","C2910","Motor Vehicles & Parts","t","t","t","t","SO","Social","CSI","Social Benchmark","CSI-2025","CSI","Social Benchmark","2025","A","Respecting human rights","04","Identifying human rights risks and impacts","0.67","2026-06-20 21:02:38+00"
"6955753fda5b9e8f5b1750d0bcc4fedb","PT_02152-CSI-2025_A.04","PT_02152","Chery Holding Group","Private",,"300300F08E6VWZVSVM95","CHN","East Asia & Pacific","China","C2910","Motor Vehicles & Parts",,"t",,,"SO","Social","CSI","Social Benchmark","CSI-2025","CSI","Social Benchmark","2025","A","Respecting human rights","04","Identifying human rights risks and impacts","0.00","2026-06-20 21:02:38+00"
"38e6939fcf8ca6b79bd93de7a7cafdc5","PT_02109-CSI-2025_A.04","PT_02109","Volvo","Public","SE0000115446","549300HGV012CNC8JD22","SWE","Europe & Central Asia","Sweden","C2910","Motor Vehicles & Parts","t",,,"t","SO","Social","CSI","Social Benchmark","CSI-2025","CSI","Social Benchmark","2025","A","Respecting human rights","04","Identifying human rights risks and impacts","0.33","2026-06-20 21:02:38+00"
"70557394c95d647e27fd6df0971dd813","PT_00880-CSI-2025_A.04","PT_00880","Hyundai Motor","Public","KR7005380001","9884004RQX8PRBXQ8S60","KOR","East Asia & Pacific","Korea, Rep.","C2910","Motor Vehicles & Parts","t","t",,,"SO","Social","CSI","Social Benchmark","CSI-2025","CSI","Social Benchmark","2025","A","Respecting human rights","04","Identifying human rights risks and impacts","1.00","2026-06-20 21:02:38+00"
"131be0c5a0c197f3be9ea81be6ef0341","PT_00367-CSI-2025_A.01","PT_00367","FAW","Government",,"300300MX7XTA1YIALI60","CHN","East Asia & Pacific","China","C2910","Motor Vehicles & Parts",,"t",,,"SO","Social","CSI","Social Benchmark","CSI-2025","CSI","Social Benchmark","2025","A","Respecting human rights","01","Commitment to respect human rights","0.00","2026-06-20 21:02:38+00"
"bb042a85b9ed3237232eef36808426e7","PT_00275-CSI-2025_A.01","PT_00275","Bridgestone","Public","JP3830800003","549300DHPOF90OYYD780","JPN","East Asia & Pacific","Japan","C2211","Motor Vehicles & Parts","t","t","t",,"SO","Social","CSI","Social Benchmark","CSI-2025","CSI","Social Benchmark","2025","A","Respecting human rights","01","Commitment to respect human rights","1.00","2026-06-20 21:02:38+00"
"3aacecda3098206b1b5b9b4a13c1da64","PT_00705-CSI-2025_A.01","PT_00705","Ford","Public","US3453708600","20S05OYHG0MQM4VUIC57","USA","North America","United States","C2910","Motor Vehicles & Parts","t","t","t",,"SO","Social","CSI","Social Benchmark","CSI-2025","CSI","Social Benchmark","2025","A","Respecting human rights","01","Commitment to respect human rights","1.00","2026-06-20 21:02:38+00"
"a2fadfbe6c19779c4aa66e86152855ac","PT_01703-CSI-2025_A.01","PT_01703","Suzuki","Public","JP3397200001","353800D83H0V3ZV1SV24","JPN","East Asia & Pacific","Japan","C2910","Motor Vehicles & Parts","t","t","t",,"SO","Social","CSI","Social Benchmark","CSI-2025","CSI","Social Benchmark","2025","A","Respecting human rights","01","Commitment to respect human rights","1.00","2026-06-20 21:02:38+00"
"60dca9092c086acb176daab0f3ccd4d5","PT_02151-CSI-2025_A.01","PT_02151","Stellantis","Public","NL00150001Q9","549300LKT9PW7ZIBDF31","NLD","Europe & Central Asia","Netherlands","C2910","Motor Vehicles & Parts","t",,,"t","SO","Social","CSI","Social Benchmark","CSI-2025","CSI","Social Benchmark","2025","A","Respecting human rights","01","Commitment to respect human rights","1.00","2026-06-20 21:02:38+00"
"338f7ee63bc49415be0c04981a362f06","PT_00472-CSI-2025_A.01","PT_00472","Continental","Public","DE0005439004","529900A7YD9C0LLXM621","DEU","Europe & Central Asia","Germany","C2211","Motor Vehicles & Parts","t","t","t","t","SO","Social","CSI","Social Benchmark","CSI-2025","CSI","Social Benchmark","2025","A","Respecting human rights","01","Commitment to respect human rights","1.00","2026-06-20 21:02:38+00"
"9c8b2be8b194b4c7f74620e356021c61","PT_00572-CSI-2025_A.01","PT_00572","Dongfeng Motor Group","Public","CNE100000312","300300XR7ZL54H8GBA06","CHN","East Asia & Pacific","China","C2910","Motor Vehicles & Parts",,"t",,,"SO","Social","CSI","Social Benchmark","CSI-2025","CSI","Social Benchmark","2025","A","Respecting human rights","01","Commitment to respect human rights","0.00","2026-06-20 21:02:38+00"
"467d7d5e232003090d557fd6f16bab81","PT_01116-CSI-2025_A.01","PT_01116","Mahindra and Mahindra","Public","INE101A01026","3358003B573EV4KB4Z02","IND","South Asia","India","C2910","Motor Vehicles & Parts",,"t",,,"SO","Social","CSI","Social Benchmark","CSI-2025","CSI","Social Benchmark","2025","A","Respecting human rights","01","Commitment to respect human rights","0.00","2026-06-20 21:02:38+00"
"eddba1743678996bb8c842822a8c5664","PT_02548-CSI-2025_A.01","PT_02548","Mercedes-Benz","Public","DE0007100000","529900R27DL06UVNT076","DEU","Europe & Central Asia","Germany","C2910","Motor Vehicles & Parts","t","t","t","t","SO","Social","CSI","Social Benchmark","CSI-2025","CSI","Social Benchmark","2025","A","Respecting human rights","01","Commitment to respect human rights","0.00","2026-06-20 21:02:38+00"
"850ff07ce02394380aaf2988ff9f29d2","PT_01280-CSI-2025_A.01","PT_01280","Nissan Motor","Public","JP3672400003","353800DRBDH1LUTNAY26","JPN","East Asia & Pacific","Japan","C2910","Motor Vehicles & Parts","t","t","t",,"SO","Social","CSI","Social Benchmark","CSI-2025","CSI","Social Benchmark","2025","A","Respecting human rights","01","Commitment to respect human rights","1.00","2026-06-20 21:02:38+00"
"1c9f4e8accdaa0b92c2fe9b6d4e7e701","PT_01409-CSI-2025_A.01","PT_01409","Pirelli & C","Public","IT0005278236","815600A0C9AFC1F2A709","ITA","Europe & Central Asia","Italy","C2211","Motor Vehicles & Parts","t","t","t","t","SO","Social","CSI","Social Benchmark","CSI-2025","CSI","Social Benchmark","2025","A","Respecting human rights","01","Commitment to respect human rights","1.00","2026-06-20 21:02:38+00"
"790f22a0e7927cd5f1f0636b210036a1","PT_00880-CSI-2025_A.02","PT_00880","Hyundai Motor","Public","KR7005380001","9884004RQX8PRBXQ8S60","KOR","East Asia & Pacific","Korea, Rep.","C2910","Motor Vehicles & Parts","t","t",,,"SO","Social","CSI","Social Benchmark","CSI-2025","CSI","Social Benchmark","2025","A","Respecting human rights","02","Commitment to respect the human rights of workers","0.00","2026-06-20 21:02:38+00"
"c95225cba8eca03afdc2b3f03db72dc4","PT_00261-CSI-2025_A.02","PT_00261","BMW","Public","DE0005190003","YEH5ZCD6E441RHVHD759","DEU","Europe & Central Asia","Germany","C2910","Motor Vehicles & Parts","t","t","t","t","SO","Social","CSI","Social Benchmark","CSI-2025","CSI","Social Benchmark","2025","A","Respecting human rights","02","Commitment to respect the human rights of workers","0.50","2026-06-20 21:02:38+00"
"6d2226e48db7963f9c67cf6237c045ad","PT_00367-CSI-2025_A.02","PT_00367","FAW","Government",,"300300MX7XTA1YIALI60","CHN","East Asia & Pacific","China","C2910","Motor Vehicles & Parts",,"t",,,"SO","Social","CSI","Social Benchmark","CSI-2025","CSI","Social Benchmark","2025","A","Respecting human rights","02","Commitment to respect the human rights of workers","0.00","2026-06-20 21:02:38+00"
"e3e4df7910121bf82a1b902ddfca45a9","PT_02009-CSI-2025_A.02","PT_02009","Mitsubishi Motors Corporation","Public","JP3899800001","5299006ZTN6MO1N5BR16","JPN","East Asia & Pacific","Japan","C2910","Motor Vehicles & Parts","t","t","t",,"SO","Social","CSI","Social Benchmark","CSI-2025","CSI","Social Benchmark","2025","A","Respecting human rights","02","Commitment to respect the human rights of workers","0.00","2026-06-20 21:02:38+00"
"4cc0086b55da6e24b041e6505d0e51bb","PT_02008-CSI-2025_A.02","PT_02008","Tata Motors","Public","INE155A01022","335800BO2LHWJJ8TZI32","IND","South Asia","India","C2910","Motor Vehicles & Parts",,"t",,,"SO","Social","CSI","Social Benchmark","CSI-2025","CSI","Social Benchmark","2025","A","Respecting human rights","02","Commitment to respect the human rights of workers","0.00","2026-06-20 21:02:38+00"
"9e6074ed3d9375afbbee771dffe581d9","PT_02007-CSI-2025_A.02","PT_02007","Volkswagen","Public","DE0007664039","529900NNUPAGGOMPXZ31","DEU","Europe & Central Asia","Germany","C2910","Motor Vehicles & Parts","t","t","t","t","SO","Social","CSI","Social Benchmark","CSI-2025","CSI","Social Benchmark","2025","A","Respecting human rights","02","Commitment to respect the human rights of workers","0.50","2026-06-20 21:02:38+00"
"1d92d03694dbc880b7413982a6143ad5","PT_01978-CSI-2025_A.02","PT_01978","Yokohama Rubber","Public","JP3955800002","52990036XNWY2FMYWB76","JPN","East Asia & Pacific","Japan","C2211","Motor Vehicles & Parts","t","t","t",,"SO","Social","CSI","Social Benchmark","CSI-2025","CSI","Social Benchmark","2025","A","Respecting human rights","02","Commitment to respect the human rights of workers","1.00","2026-06-20 21:02:38+00"
"b6d4773d17f675c570b3ceb1f3021a96","PT_01995-CSI-2025_A.02","PT_01995","Zhongce Rubber Group","Private",,"3003009F43G96IGM7906","CHN","East Asia & Pacific","China","C2211","Motor Vehicles & Parts",,"t",,,"SO","Social","CSI","Social Benchmark","CSI-2025","CSI","Social Benchmark","2025","A","Respecting human rights","02","Commitment to respect the human rights of workers","0.00","2026-06-20 21:02:38+00"
"218095b08f3a4ef674d87865d39cb311","PT_01993-CSI-2025_A.02","PT_01993","Geely Holding","Private",,"549300YS3T1KVQ2SNI84","CHN","East Asia & Pacific","China","C2910","Motor Vehicles & Parts",,"t",,,"SO","Social","CSI","Social Benchmark","CSI-2025","CSI","Social Benchmark","2025","A","Respecting human rights","02","Commitment to respect the human rights of workers","0.00","2026-06-20 21:02:38+00"
"14d16b138f402d06999e8955de27fee5","PT_01116-CSI-2025_A.02","PT_01116","Mahindra and Mahindra","Public","INE101A01026","3358003B573EV4KB4Z02","IND","South Asia","India","C2910","Motor Vehicles & Parts",,"t",,,"SO","Social","CSI","Social Benchmark","CSI-2025","CSI","Social Benchmark","2025","A","Respecting human rights","02","Commitment to respect the human rights of workers","0.50","2026-06-20 21:02:38+00"
"28217f1502bf28d2c5dddf90cab41a33","PT_01139-CSI-2025_A.02","PT_01139","Mazda","Public","JP3868400007","52990044YZJLICDQKK92","JPN","East Asia & Pacific","Japan","C2910","Motor Vehicles & Parts","t","t","t",,"SO","Social","CSI","Social Benchmark","CSI-2025","CSI","Social Benchmark","2025","A","Respecting human rights","02","Commitment to respect the human rights of workers","0.50","2026-06-20 21:02:38+00"
"4c9499dc134b7b09af34664277413585","PT_02152-CSI-2025_A.02","PT_02152","Chery Holding Group","Private",,"300300F08E6VWZVSVM95","CHN","East Asia & Pacific","China","C2910","Motor Vehicles & Parts",,"t",,,"SO","Social","CSI","Social Benchmark","CSI-2025","CSI","Social Benchmark","2025","A","Respecting human rights","02","Commitment to respect the human rights of workers","0.00","2026-06-20 21:02:38+00"
"c54b25ad4c5ea7bd6fdf76886135ec01","PT_02548-CSI-2025_A.02","PT_02548","Mercedes-Benz","Public","DE0007100000","529900R27DL06UVNT076","DEU","Europe & Central Asia","Germany","C2910","Motor Vehicles & Parts","t","t","t","t","SO","Social","CSI","Social Benchmark","CSI-2025","CSI","Social Benchmark","2025","A","Respecting human rights","02","Commitment to respect the human rights of workers","0.00","2026-06-20 21:02:38+00"
"4c781838e43acc421086967f7b565bec","PT_01360-CSI-2025_A.02","PT_01360","PACCAR","Public","US6937181088","KDTEY8BWE486IKZ3CC07","USA","North America","United States","C2910","Motor Vehicles & Parts","t","t","t",,"SO","Social","CSI","Social Benchmark","CSI-2025","CSI","Social Benchmark","2025","A","Respecting human rights","02","Commitment to respect the human rights of workers","0.00","2026-06-20 21:02:38+00"
"5e9f8a27dd32e7a7ee9f315d9d57099e","PT_01409-CSI-2025_A.02","PT_01409","Pirelli & C","Public","IT0005278236","815600A0C9AFC1F2A709","ITA","Europe & Central Asia","Italy","C2211","Motor Vehicles & Parts","t","t","t","t","SO","Social","CSI","Social Benchmark","CSI-2025","CSI","Social Benchmark","2025","A","Respecting human rights","02","Commitment to respect the human rights of workers","0.50","2026-06-20 21:02:38+00"
"75335e94d1fee10ac343138d17b77823","PT_01511-CSI-2025_A.03","PT_01511","Ryder System","Public","US7835491082","ZXJ6Y2OSPZXIVGRILD15","USA","North America","United States","N7710","Motor Vehicles & Parts","t","t","t",,"SO","Social","CSI","Social Benchmark","CSI-2025","CSI","Social Benchmark","2025","A","Respecting human rights","03","Commitment to remedy","0.00","2026-06-20 21:02:38+00"
"e05f8e7954094495dd54c45e54daf30f","PT_01518-CSI-2025_A.03","PT_01518","SAIC Motor","Public","CNE000000TY6","30030001QBC7EXJJGT71","CHN","East Asia & Pacific","China","C2910","Motor Vehicles & Parts",,"t",,,"SO","Social","CSI","Social Benchmark","CSI-2025","CSI","Social Benchmark","2025","A","Respecting human rights","03","Commitment to remedy","0.00","2026-06-20 21:02:38+00"
"a9e4640a547c84165f56e2f7a4f8b782","PT_00855-CSI-2025_A.03","PT_00855","Honda Motor","Public","JP3854600008","549300P7ZYCQJ36CCS16","JPN","East Asia & Pacific","Japan","C2910","Motor Vehicles & Parts","t","t","t",,"SO","Social","CSI","Social Benchmark","CSI-2025","CSI","Social Benchmark","2025","A","Respecting human rights","03","Commitment to remedy","0.50","2026-06-20 21:02:38+00"
"67b29f2bcaba684e9c265850f9ba3c40","PT_02726-CSI-2025_A.03","PT_02726","Daimler Truck","Public","DE000DTR0CK8","529900PW78JIYOUBSR24","DEU","Europe & Central Asia","Germany","C2910","Motor Vehicles & Parts","t","t","t","t","SO","Social","CSI","Social Benchmark","CSI-2025","CSI","Social Benchmark","2025","A","Respecting human rights","03","Commitment to remedy","0.00","2026-06-20 21:02:38+00"
"b66051d1a82a78dd5df3efbaf20b000d","PT_02727-CSI-2025_A.03","PT_02727","Scania","Private",,"52990000AKKX75BMWB43","SWE","Europe & Central Asia","Sweden","C2910","Motor Vehicles & Parts","t",,,"t","SO","Social","CSI","Social Benchmark","CSI-2025","CSI","Social Benchmark","2025","A","Respecting human rights","03","Commitment to remedy","1.00","2026-06-20 21:02:38+00"
"ac34f5714fc4d81d09a4f14ffe85e25b","PT_01476-CSI-2025_A.03","PT_01476","Renault","Public","FR0000131906","969500F7JLTX36OUI695","FRA","Europe & Central Asia","France","C2910","Motor Vehicles & Parts","t","t","t","t","SO","Social","CSI","Social Benchmark","CSI-2025","CSI","Social Benchmark","2025","A","Respecting human rights","03","Commitment to remedy","0.00","2026-06-20 21:02:38+00"
"f0914d81b7028177a0ce566f2ad1d0d0","PT_00816-CSI-2025_A.03","PT_00816","Hankook Tire & Technology","Public","KR7161390000","9884001BIEVM09M7AH02","KOR","East Asia & Pacific","Korea, Rep.","C2211","Motor Vehicles & Parts","t","t",,,"SO","Social","CSI","Social Benchmark","CSI-2025","CSI","Social Benchmark","2025","A","Respecting human rights","03","Commitment to remedy","0.00","2026-06-20 21:02:38+00"
"0d4218727c80da88642af550bb93ed64","PT_00705-CSI-2025_A.03","PT_00705","Ford","Public","US3453708600","20S05OYHG0MQM4VUIC57","USA","North America","United States","C2910","Motor Vehicles & Parts","t","t","t",,"SO","Social","CSI","Social Benchmark","CSI-2025","CSI","Social Benchmark","2025","A","Respecting human rights","03","Commitment to remedy","1.00","2026-06-20 21:02:38+00"
"b578876fd82729f7a72374ad70cc2b01","PT_01360-CSI-2025_A.03","PT_01360","PACCAR","Public","US6937181088","KDTEY8BWE486IKZ3CC07","USA","North America","United States","C2910","Motor Vehicles & Parts","t","t","t",,"SO","Social","CSI","Social Benchmark","CSI-2025","CSI","Social Benchmark","2025","A","Respecting human rights","03","Commitment to remedy","0.00","2026-06-20 21:02:38+00"
"8a480fdc923aed10658afffd5c4b6b13","PT_01280-CSI-2025_A.03","PT_01280","Nissan Motor","Public","JP3672400003","353800DRBDH1LUTNAY26","JPN","East Asia & Pacific","Japan","C2910","Motor Vehicles & Parts","t","t","t",,"SO","Social","CSI","Social Benchmark","CSI-2025","CSI","Social Benchmark","2025","A","Respecting human rights","03","Commitment to remedy","0.00","2026-06-20 21:02:38+00"
"6625a2741fb534402d18bdd0184db972","PT_01812-CSI-2025_A.03","PT_01812","Toyota","Public","JP3633400001","5493006W3QUS5LMH6R84","JPN","East Asia & Pacific","Japan","C2910","Motor Vehicles & Parts","t","t","t",,"SO","Social","CSI","Social Benchmark","CSI-2025","CSI","Social Benchmark","2025","A","Respecting human rights","03","Commitment to remedy","0.50","2026-06-20 21:02:38+00"
"974a2ee684d3ce9448ee6eb31d58ca44","PT_02548-CSI-2025_A.04","PT_02548","Mercedes-Benz","Public","DE0007100000","529900R27DL06UVNT076","DEU","Europe & Central Asia","Germany","C2910","Motor Vehicles & Parts","t","t","t","t","SO","Social","CSI","Social Benchmark","CSI-2025","CSI","Social Benchmark","2025","A","Respecting human rights","04","Identifying human rights risks and impacts","1.00","2026-06-20 21:02:38+00"
"7bb89f1e1451fbb4c6d1cffeabe9a885","PT_02726-CSI-2025_A.04","PT_02726","Daimler Truck","Public","DE000DTR0CK8","529900PW78JIYOUBSR24","DEU","Europe & Central Asia","Germany","C2910","Motor Vehicles & Parts","t","t","t","t","SO","Social","CSI","Social Benchmark","CSI-2025","CSI","Social Benchmark","2025","A","Respecting human rights","04","Identifying human rights risks and impacts","0.67","2026-06-20 21:02:38+00"
"21d3916025ed5ae1e76934161de40a06","PT_01511-CSI-2025_A.04","PT_01511","Ryder System","Public","US7835491082","ZXJ6Y2OSPZXIVGRILD15","USA","North America","United States","N7710","Motor Vehicles & Parts","t","t","t",,"SO","Social","CSI","Social Benchmark","CSI-2025","CSI","Social Benchmark","2025","A","Respecting human rights","04","Identifying human rights risks and impacts","0.00","2026-06-20 21:02:38+00"
"d2aaa53a91deada0e024dbbd7b5ce973","PT_01518-CSI-2025_A.04","PT_01518","SAIC Motor","Public","CNE000000TY6","30030001QBC7EXJJGT71","CHN","East Asia & Pacific","China","C2910","Motor Vehicles & Parts",,"t",,,"SO","Social","CSI","Social Benchmark","CSI-2025","CSI","Social Benchmark","2025","A","Respecting human rights","04","Identifying human rights risks and impacts","0.00","2026-06-20 21:02:38+00"
"2e3a6e423892f4ef07f98e2b11c0d7e0","PT_01476-CSI-2025_A.04","PT_01476","Renault","Public","FR0000131906","969500F7JLTX36OUI695","FRA","Europe & Central Asia","France","C2910","Motor Vehicles & Parts","t","t","t","t","SO","Social","CSI","Social Benchmark","CSI-2025","CSI","Social Benchmark","2025","A","Respecting human rights","04","Identifying human rights risks and impacts","1.00","2026-06-20 21:02:38+00"
"b953a6f8c7ef44f182fd8b07623842f0","PT_00572-CSI-2025_A.04","PT_00572","Dongfeng Motor Group","Public","CNE100000312","300300XR7ZL54H8GBA06","CHN","East Asia & Pacific","China","C2910","Motor Vehicles & Parts",,"t",,,"SO","Social","CSI","Social Benchmark","CSI-2025","CSI","Social Benchmark","2025","A","Respecting human rights","04","Identifying human rights risks and impacts","0.00","2026-06-20 21:02:38+00"
"e2a41ce2664d7f8b0a61aff119d22e8a","PT_01168-CSI-2025_A.04","PT_01168","Michelin","Public","FR0000121261","549300SOSI58J6VIW052","FRA","Europe & Central Asia","France","C2211","Motor Vehicles & Parts","t","t","t","t","SO","Social","CSI","Social Benchmark","CSI-2025","CSI","Social Benchmark","2025","A","Respecting human rights","04","Identifying human rights risks and impacts","1.00","2026-06-20 21:02:38+00"
"f2baa5757f20201ec271d8a4a4e89db9","PT_01139-CSI-2025_A.04","PT_01139","Mazda","Public","JP3868400007","52990044YZJLICDQKK92","JPN","East Asia & Pacific","Japan","C2910","Motor Vehicles & Parts","t","t","t",,"SO","Social","CSI","Social Benchmark","CSI-2025","CSI","Social Benchmark","2025","A","Respecting human rights","04","Identifying human rights risks and impacts","1.00","2026-06-20 21:02:38+00"
"bb3b72cfca29d9f781aeb2e0834db103","PT_00705-CSI-2025_A.04","PT_00705","Ford","Public","US3453708600","20S05OYHG0MQM4VUIC57","USA","North America","United States","C2910","Motor Vehicles & Parts","t","t","t",,"SO","Social","CSI","Social Benchmark","CSI-2025","CSI","Social Benchmark","2025","A","Respecting human rights","04","Identifying human rights risks and impacts","1.00","2026-06-20 21:02:38+00"
"848e1a2430b3c6b40c802c1c07e8e267","PT_00855-CSI-2025_A.04","PT_00855","Honda Motor","Public","JP3854600008","549300P7ZYCQJ36CCS16","JPN","East Asia & Pacific","Japan","C2910","Motor Vehicles & Parts","t","t","t",,"SO","Social","CSI","Social Benchmark","CSI-2025","CSI","Social Benchmark","2025","A","Respecting human rights","04","Identifying human rights risks and impacts","0.00","2026-06-20 21:02:38+00"
"1b4244dd56facb57de62b5af7a493aaf","PT_01812-CSI-2025_A.05","PT_01812","Toyota","Public","JP3633400001","5493006W3QUS5LMH6R84","JPN","East Asia & Pacific","Japan","C2910","Motor Vehicles & Parts","t","t","t",,"SO","Social","CSI","Social Benchmark","CSI-2025","CSI","Social Benchmark","2025","A","Respecting human rights","05","Assessing human rights risks and impacts","0.25","2026-06-20 21:02:38+00"
"f9c99748654497668c92f88ed3a55af8","PT_01766-CSI-2025_A.05","PT_01766","Tesla","Public","US88160R1014","54930043XZGB27CTOV49","USA","North America","United States","C2910","Motor Vehicles & Parts","t","t","t",,"SO","Social","CSI","Social Benchmark","CSI-2025","CSI","Social Benchmark","2025","A","Respecting human rights","05","Assessing human rights risks and impacts","0.25","2026-06-20 21:02:38+00"
"62bbcd2b031314b7bcff1e983630942c","PT_02109-CSI-2025_A.05","PT_02109","Volvo","Public","SE0000115446","549300HGV012CNC8JD22","SWE","Europe & Central Asia","Sweden","C2910","Motor Vehicles & Parts","t",,,"t","SO","Social","CSI","Social Benchmark","CSI-2025","CSI","Social Benchmark","2025","A","Respecting human rights","05","Assessing human rights risks and impacts","0.25","2026-06-20 21:02:38+00"
"a94b4ff81cf44513cf3dd59bf975e2d9","PT_02037-CSI-2025_A.05","PT_02037","JAC Motors","Public","CNE0000018M9","300300KQABCMFKN2E931","CHN","East Asia & Pacific","China","C2910","Motor Vehicles & Parts",,"t",,,"SO","Social","CSI","Social Benchmark","CSI-2025","CSI","Social Benchmark","2025","A","Respecting human rights","05","Assessing human rights risks and impacts","0.00","2026-06-20 21:02:38+00"
"fce7aa0a9e6e9e2ba803e7a1415877f9","PT_01116-CSI-2025_A.05","PT_01116","Mahindra and Mahindra","Public","INE101A01026","3358003B573EV4KB4Z02","IND","South Asia","India","C2910","Motor Vehicles & Parts",,"t",,,"SO","Social","CSI","Social Benchmark","CSI-2025","CSI","Social Benchmark","2025","A","Respecting human rights","05","Assessing human rights risks and impacts","0.25","2026-06-20 21:02:38+00"
"370dc068a16a5953f41cfe3228d1ba19","PT_01139-CSI-2025_A.05","PT_01139","Mazda","Public","JP3868400007","52990044YZJLICDQKK92","JPN","East Asia & Pacific","Japan","C2910","Motor Vehicles & Parts","t","t","t",,"SO","Social","CSI","Social Benchmark","CSI-2025","CSI","Social Benchmark","2025","A","Respecting human rights","05","Assessing human rights risks and impacts","0.25","2026-06-20 21:02:38+00"
"26c1b32878ff1fda8eacd085a4106c0e","PT_01168-CSI-2025_A.05","PT_01168","Michelin","Public","FR0000121261","549300SOSI58J6VIW052","FRA","Europe & Central Asia","France","C2211","Motor Vehicles & Parts","t","t","t","t","SO","Social","CSI","Social Benchmark","CSI-2025","CSI","Social Benchmark","2025","A","Respecting human rights","05","Assessing human rights risks and impacts","0.50","2026-06-20 21:02:38+00"
"513c43409fd1b4461539f56bd2d2b059","PT_01518-CSI-2025_A.05","PT_01518","SAIC Motor","Public","CNE000000TY6","30030001QBC7EXJJGT71","CHN","East Asia & Pacific","China","C2910","Motor Vehicles & Parts",,"t",,,"SO","Social","CSI","Social Benchmark","CSI-2025","CSI","Social Benchmark","2025","A","Respecting human rights","05","Assessing human rights risks and impacts","0.00","2026-06-20 21:02:38+00"
"fde0f9f7f7f07c3d07b8100983cb0743","PT_00705-CSI-2025_A.05","PT_00705","Ford","Public","US3453708600","20S05OYHG0MQM4VUIC57","USA","North America","United States","C2910","Motor Vehicles & Parts","t","t","t",,"SO","Social","CSI","Social Benchmark","CSI-2025","CSI","Social Benchmark","2025","A","Respecting human rights","05","Assessing human rights risks and impacts","1.00","2026-06-20 21:02:38+00"
"13b2c002e1acc4f6bad3481bcc6cc1c5","PT_00804-CSI-2025_A.06","PT_00804","GAC Group","Public","CNE100001NQ2","5299005KY9BJO3ZE6A37","CHN","East Asia & Pacific","China","C2910","Motor Vehicles & Parts",,"t",,,"SO","Social","CSI","Social Benchmark","CSI-2025","CSI","Social Benchmark","2025","A","Respecting human rights","06","Integrating and acting on human rights risk and impact assessments","0.00","2026-06-20 21:02:38+00"
"e7c79ad3cd63e3116e9f797847330c96","PT_00705-CSI-2025_A.06","PT_00705","Ford","Public","US3453708600","20S05OYHG0MQM4VUIC57","USA","North America","United States","C2910","Motor Vehicles & Parts","t","t","t",,"SO","Social","CSI","Social Benchmark","CSI-2025","CSI","Social Benchmark","2025","A","Respecting human rights","06","Integrating and acting on human rights risk and impact assessments","0.75","2026-06-20 21:02:38+00"
"d0193bb04219d0a57a658bbcbff7f5ea","PT_02726-CSI-2025_A.06","PT_02726","Daimler Truck","Public","DE000DTR0CK8","529900PW78JIYOUBSR24","DEU","Europe & Central Asia","Germany","C2910","Motor Vehicles & Parts","t","t","t","t","SO","Social","CSI","Social Benchmark","CSI-2025","CSI","Social Benchmark","2025","A","Respecting human rights","06","Integrating and acting on human rights risk and impact assessments","0.00","2026-06-20 21:02:38+00"
"99ebad2dbc042e911727f5b560c335d6","PT_01678-CSI-2025_A.06","PT_01678","Subaru Corporation","Public","JP3814800003","549300N244BVAEE6HH86","JPN","East Asia & Pacific","Japan","C2910","Motor Vehicles & Parts","t","t","t",,"SO","Social","CSI","Social Benchmark","CSI-2025","CSI","Social Benchmark","2025","A","Respecting human rights","06","Integrating and acting on human rights risk and impact assessments","0.25","2026-06-20 21:02:38+00"
"29688cf4c209a5f1ac94f09683e1ad12","PT_00261-CSI-2025_A.06","PT_00261","BMW","Public","DE0005190003","YEH5ZCD6E441RHVHD759","DEU","Europe & Central Asia","Germany","C2910","Motor Vehicles & Parts","t","t","t","t","SO","Social","CSI","Social Benchmark","CSI-2025","CSI","Social Benchmark","2025","A","Respecting human rights","06","Integrating and acting on human rights risk and impact assessments","0.00","2026-06-20 21:02:38+00"
"711fb3b281f4af0b049b69dfa6d1b85c","PT_02151-CSI-2025_A.06","PT_02151","Stellantis","Public","NL00150001Q9","549300LKT9PW7ZIBDF31","NLD","Europe & Central Asia","Netherlands","C2910","Motor Vehicles & Parts","t",,,"t","SO","Social","CSI","Social Benchmark","CSI-2025","CSI","Social Benchmark","2025","A","Respecting human rights","06","Integrating and acting on human rights risk and impact assessments","0.00","2026-06-20 21:02:38+00"
"44c913fb23e256cd0dab31e3d9482879","PT_00236-CSI-2025_A.06","PT_00236","BAIC","Public","CNE100001TJ4","300300X7ND2JNR96BA87","CHN","East Asia & Pacific","China","C2910","Motor Vehicles & Parts",,"t",,,"SO","Social","CSI","Social Benchmark","CSI-2025","CSI","Social Benchmark","2025","A","Respecting human rights","06","Integrating and acting on human rights risk and impact assessments","0.00","2026-06-20 21:02:38+00"
"a4f9ac80c40c6843a5f137379bdac34d","PT_01978-CSI-2025_A.03","PT_01978","Yokohama Rubber","Public","JP3955800002","52990036XNWY2FMYWB76","JPN","East Asia & Pacific","Japan","C2211","Motor Vehicles & Parts","t","t","t",,"SO","Social","CSI","Social Benchmark","CSI-2025","CSI","Social Benchmark","2025","A","Respecting human rights","03","Commitment to remedy","0.00","2026-06-20 21:02:38+00"
"6365e9207026daab5ec2ec62cdef88b1","PT_02038-CSI-2025_A.03","PT_02038","Kia","Public","KR7000270009","988400V8MJK9N7OI5X76","KOR","East Asia & Pacific","Korea, Rep.","C2910","Motor Vehicles & Parts","t","t",,,"SO","Social","CSI","Social Benchmark","CSI-2025","CSI","Social Benchmark","2025","A","Respecting human rights","03","Commitment to remedy","0.00","2026-06-20 21:02:38+00"
"51c64e6c5529d22a920c359e08144cc2","PT_02151-CSI-2025_A.03","PT_02151","Stellantis","Public","NL00150001Q9","549300LKT9PW7ZIBDF31","NLD","Europe & Central Asia","Netherlands","C2910","Motor Vehicles & Parts","t",,,"t","SO","Social","CSI","Social Benchmark","CSI-2025","CSI","Social Benchmark","2025","A","Respecting human rights","03","Commitment to remedy","0.00","2026-06-20 21:02:38+00"
"ae67635f51ac27cc82604cf1565ac5ff","PT_02007-CSI-2025_A.03","PT_02007","Volkswagen","Public","DE0007664039","529900NNUPAGGOMPXZ31","DEU","Europe & Central Asia","Germany","C2910","Motor Vehicles & Parts","t","t","t","t","SO","Social","CSI","Social Benchmark","CSI-2025","CSI","Social Benchmark","2025","A","Respecting human rights","03","Commitment to remedy","0.00","2026-06-20 21:02:38+00"
"17d002597b61b2ed9442440035f3e28d","PT_02151-CSI-2025_A.04","PT_02151","Stellantis","Public","NL00150001Q9","549300LKT9PW7ZIBDF31","NLD","Europe & Central Asia","Netherlands","C2910","Motor Vehicles & Parts","t",,,"t","SO","Social","CSI","Social Benchmark","CSI-2025","CSI","Social Benchmark","2025","A","Respecting human rights","04","Identifying human rights risks and impacts","0.67","2026-06-20 21:02:38+00"
"3d3cee991c3941a9da7bae1fc2949531","PT_02727-CSI-2025_A.04","PT_02727","Scania","Private",,"52990000AKKX75BMWB43","SWE","Europe & Central Asia","Sweden","C2910","Motor Vehicles & Parts","t",,,"t","SO","Social","CSI","Social Benchmark","CSI-2025","CSI","Social Benchmark","2025","A","Respecting human rights","04","Identifying human rights risks and impacts","0.33","2026-06-20 21:02:38+00"
"d53fd62dee7f2f6ddf083e85215e975f","PT_00472-CSI-2025_A.04","PT_00472","Continental","Public","DE0005439004","529900A7YD9C0LLXM621","DEU","Europe & Central Asia","Germany","C2211","Motor Vehicles & Parts","t","t","t","t","SO","Social","CSI","Social Benchmark","CSI-2025","CSI","Social Benchmark","2025","A","Respecting human rights","04","Identifying human rights risks and impacts","1.00","2026-06-20 21:02:38+00"
"995aa643e21a35c428a34d79c4d18168","PT_00771-CSI-2025_A.04","PT_00771","Great Wall Motor Company","Public","CNE1000018V8","5299002PZDL54CMG5I32","CHN","East Asia & Pacific","China","C2910","Motor Vehicles & Parts",,"t",,,"SO","Social","CSI","Social Benchmark","CSI-2025","CSI","Social Benchmark","2025","A","Respecting human rights","04","Identifying human rights risks and impacts","0.00","2026-06-20 21:02:38+00"
"eaf6b56375b3697cf54479f263b99a37","PT_01360-CSI-2025_A.04","PT_01360","PACCAR","Public","US6937181088","KDTEY8BWE486IKZ3CC07","USA","North America","United States","C2910","Motor Vehicles & Parts","t","t","t",,"SO","Social","CSI","Social Benchmark","CSI-2025","CSI","Social Benchmark","2025","A","Respecting human rights","04","Identifying human rights risks and impacts","0.00","2026-06-20 21:02:38+00"
"9244a584d1c130b52e13b2adf5f5fcad","PT_01409-CSI-2025_A.04","PT_01409","Pirelli & C","Public","IT0005278236","815600A0C9AFC1F2A709","ITA","Europe & Central Asia","Italy","C2211","Motor Vehicles & Parts","t","t","t","t","SO","Social","CSI","Social Benchmark","CSI-2025","CSI","Social Benchmark","2025","A","Respecting human rights","04","Identifying human rights risks and impacts","1.00","2026-06-20 21:02:38+00"
"d172d878a947cb8b4e415d0ee96abf04","PT_01280-CSI-2025_A.04","PT_01280","Nissan Motor","Public","JP3672400003","353800DRBDH1LUTNAY26","JPN","East Asia & Pacific","Japan","C2910","Motor Vehicles & Parts","t","t","t",,"SO","Social","CSI","Social Benchmark","CSI-2025","CSI","Social Benchmark","2025","A","Respecting human rights","04","Identifying human rights risks and impacts","0.67","2026-06-20 21:02:38+00"
"4ea448df36eb0dc6cf8c4bfb0ede02a7","PT_02009-CSI-2025_A.04","PT_02009","Mitsubishi Motors Corporation","Public","JP3899800001","5299006ZTN6MO1N5BR16","JPN","East Asia & Pacific","Japan","C2910","Motor Vehicles & Parts","t","t","t",,"SO","Social","CSI","Social Benchmark","CSI-2025","CSI","Social Benchmark","2025","A","Respecting human rights","04","Identifying human rights risks and impacts","0.33","2026-06-20 21:02:38+00"
"a432ccb09e2552a944b71aed59945d4c","PT_01993-CSI-2025_A.04","PT_01993","Geely Holding","Private",,"549300YS3T1KVQ2SNI84","CHN","East Asia & Pacific","China","C2910","Motor Vehicles & Parts",,"t",,,"SO","Social","CSI","Social Benchmark","CSI-2025","CSI","Social Benchmark","2025","A","Respecting human rights","04","Identifying human rights risks and impacts","0.67","2026-06-20 21:02:38+00"
"d7d4706a415623a8b90b82b0447f8f2b","PT_02008-CSI-2025_A.04","PT_02008","Tata Motors","Public","INE155A01022","335800BO2LHWJJ8TZI32","IND","South Asia","India","C2910","Motor Vehicles & Parts",,"t",,,"SO","Social","CSI","Social Benchmark","CSI-2025","CSI","Social Benchmark","2025","A","Respecting human rights","04","Identifying human rights risks and impacts","0.00","2026-06-20 21:02:38+00"
"8eda84faad9dff494671b45e91d8769f","PT_01995-CSI-2025_A.04","PT_01995","Zhongce Rubber Group","Private",,"3003009F43G96IGM7906","CHN","East Asia & Pacific","China","C2211","Motor Vehicles & Parts",,"t",,,"SO","Social","CSI","Social Benchmark","CSI-2025","CSI","Social Benchmark","2025","A","Respecting human rights","04","Identifying human rights risks and impacts","0.00","2026-06-20 21:02:38+00"
"dc1ea2f40eb46f96a4d9cd1865f693d8","PT_01978-CSI-2025_A.04","PT_01978","Yokohama Rubber","Public","JP3955800002","52990036XNWY2FMYWB76","JPN","East Asia & Pacific","Japan","C2211","Motor Vehicles & Parts","t","t","t",,"SO","Social","CSI","Social Benchmark","CSI-2025","CSI","Social Benchmark","2025","A","Respecting human rights","04","Identifying human rights risks and impacts","0.33","2026-06-20 21:02:38+00"
"02841a62d8515e550f616ef48bfcb5fd","PT_01703-CSI-2025_A.04","PT_01703","Suzuki","Public","JP3397200001","353800D83H0V3ZV1SV24","JPN","East Asia & Pacific","Japan","C2910","Motor Vehicles & Parts","t","t","t",,"SO","Social","CSI","Social Benchmark","CSI-2025","CSI","Social Benchmark","2025","A","Respecting human rights","04","Identifying human rights risks and impacts","0.00","2026-06-20 21:02:38+00"
"f79c7ca07c6effcad2c890f80fd05671","PT_01812-CSI-2025_A.04","PT_01812","Toyota","Public","JP3633400001","5493006W3QUS5LMH6R84","JPN","East Asia & Pacific","Japan","C2910","Motor Vehicles & Parts","t","t","t",,"SO","Social","CSI","Social Benchmark","CSI-2025","CSI","Social Benchmark","2025","A","Respecting human rights","04","Identifying human rights risks and impacts","0.67","2026-06-20 21:02:38+00"
"6c49c99dc2d126acee848fd959101f5e","PT_01678-CSI-2025_A.05","PT_01678","Subaru Corporation","Public","JP3814800003","549300N244BVAEE6HH86","JPN","East Asia & Pacific","Japan","C2910","Motor Vehicles & Parts","t","t","t",,"SO","Social","CSI","Social Benchmark","CSI-2025","CSI","Social Benchmark","2025","A","Respecting human rights","05","Assessing human rights risks and impacts","0.50","2026-06-20 21:02:38+00"
"d02c15db6c17e357ca3e53b2bb2ddf1b","PT_01703-CSI-2025_A.05","PT_01703","Suzuki","Public","JP3397200001","353800D83H0V3ZV1SV24","JPN","East Asia & Pacific","Japan","C2910","Motor Vehicles & Parts","t","t","t",,"SO","Social","CSI","Social Benchmark","CSI-2025","CSI","Social Benchmark","2025","A","Respecting human rights","05","Assessing human rights risks and impacts","0.00","2026-06-20 21:02:38+00"
"58b4e454740b4cb818331c0b1e3f4515","PT_02727-CSI-2025_A.05","PT_02727","Scania","Private",,"52990000AKKX75BMWB43","SWE","Europe & Central Asia","Sweden","C2910","Motor Vehicles & Parts","t",,,"t","SO","Social","CSI","Social Benchmark","CSI-2025","CSI","Social Benchmark","2025","A","Respecting human rights","05","Assessing human rights risks and impacts","0.25","2026-06-20 21:02:38+00"
"fe5da22e709e9e360bcf59c0edac91c3","PT_02726-CSI-2025_A.05","PT_02726","Daimler Truck","Public","DE000DTR0CK8","529900PW78JIYOUBSR24","DEU","Europe & Central Asia","Germany","C2910","Motor Vehicles & Parts","t","t","t","t","SO","Social","CSI","Social Benchmark","CSI-2025","CSI","Social Benchmark","2025","A","Respecting human rights","05","Assessing human rights risks and impacts","0.25","2026-06-20 21:02:38+00"
"6e5d04b9bb6fc591dbcd2d187926cb19","PT_00275-CSI-2025_A.05","PT_00275","Bridgestone","Public","JP3830800003","549300DHPOF90OYYD780","JPN","East Asia & Pacific","Japan","C2211","Motor Vehicles & Parts","t","t","t",,"SO","Social","CSI","Social Benchmark","CSI-2025","CSI","Social Benchmark","2025","A","Respecting human rights","05","Assessing human rights risks and impacts","0.50","2026-06-20 21:02:38+00"
"b5c3ba85e832e15355bc8955379b8ae3","PT_00345-CSI-2025_A.05","PT_00345","Cheng Shin Rubber","Public","TW0002105004","3003006VZBNKJZLNJ718","TWN","East Asia & Pacific","Taiwan, China","C2211","Motor Vehicles & Parts",,,,,"SO","Social","CSI","Social Benchmark","CSI-2025","CSI","Social Benchmark","2025","A","Respecting human rights","05","Assessing human rights risks and impacts","0.00","2026-06-20 21:02:38+00"
"aa12e925cb69564bb873d4edcd3789d9","PT_00236-CSI-2025_A.05","PT_00236","BAIC","Public","CNE100001TJ4","300300X7ND2JNR96BA87","CHN","East Asia & Pacific","China","C2910","Motor Vehicles & Parts",,"t",,,"SO","Social","CSI","Social Benchmark","CSI-2025","CSI","Social Benchmark","2025","A","Respecting human rights","05","Assessing human rights risks and impacts","0.00","2026-06-20 21:02:38+00"
"5ceba9c6094fd6304b280cac99364c9b","PT_00341-CSI-2025_A.05","PT_00341","Changan Automobile","Public","CNE000000R36","300300WKFSBX9P5ZOM25","CHN","East Asia & Pacific","China","C2910","Motor Vehicles & Parts",,"t",,,"SO","Social","CSI","Social Benchmark","CSI-2025","CSI","Social Benchmark","2025","A","Respecting human rights","05","Assessing human rights risks and impacts","0.00","2026-06-20 21:02:38+00"
"76a60e5fdf8872ca3993d9194d203e64","PT_00880-CSI-2025_A.05","PT_00880","Hyundai Motor","Public","KR7005380001","9884004RQX8PRBXQ8S60","KOR","East Asia & Pacific","Korea, Rep.","C2910","Motor Vehicles & Parts","t","t",,,"SO","Social","CSI","Social Benchmark","CSI-2025","CSI","Social Benchmark","2025","A","Respecting human rights","05","Assessing human rights risks and impacts","1.00","2026-06-20 21:02:38+00"
"748c2f9913bee76feb370c45c0a52e27","PT_00855-CSI-2025_A.05","PT_00855","Honda Motor","Public","JP3854600008","549300P7ZYCQJ36CCS16","JPN","East Asia & Pacific","Japan","C2910","Motor Vehicles & Parts","t","t","t",,"SO","Social","CSI","Social Benchmark","CSI-2025","CSI","Social Benchmark","2025","A","Respecting human rights","05","Assessing human rights risks and impacts","0.00","2026-06-20 21:02:38+00"
"43ca2d2255f4a1e870be0e5432226ebd","PT_01995-CSI-2025_A.05","PT_01995","Zhongce Rubber Group","Private",,"3003009F43G96IGM7906","CHN","East Asia & Pacific","China","C2211","Motor Vehicles & Parts",,"t",,,"SO","Social","CSI","Social Benchmark","CSI-2025","CSI","Social Benchmark","2025","A","Respecting human rights","05","Assessing human rights risks and impacts","0.00","2026-06-20 21:02:38+00"
"0cd9ebbf811c70039fa7ecb1e7fb4c9d","PT_02038-CSI-2025_A.05","PT_02038","Kia","Public","KR7000270009","988400V8MJK9N7OI5X76","KOR","East Asia & Pacific","Korea, Rep.","C2910","Motor Vehicles & Parts","t","t",,,"SO","Social","CSI","Social Benchmark","CSI-2025","CSI","Social Benchmark","2025","A","Respecting human rights","05","Assessing human rights risks and impacts","0.75","2026-06-20 21:02:38+00"
"310d300f5b7c8f6a42bbcc94cc971b34","PT_02007-CSI-2025_A.05","PT_02007","Volkswagen","Public","DE0007664039","529900NNUPAGGOMPXZ31","DEU","Europe & Central Asia","Germany","C2910","Motor Vehicles & Parts","t","t","t","t","SO","Social","CSI","Social Benchmark","CSI-2025","CSI","Social Benchmark","2025","A","Respecting human rights","05","Assessing human rights risks and impacts","0.25","2026-06-20 21:02:38+00"
"13cebc780c13a7688cdf52920985c0c5","PT_01511-CSI-2025_A.05","PT_01511","Ryder System","Public","US7835491082","ZXJ6Y2OSPZXIVGRILD15","USA","North America","United States","N7710","Motor Vehicles & Parts","t","t","t",,"SO","Social","CSI","Social Benchmark","CSI-2025","CSI","Social Benchmark","2025","A","Respecting human rights","05","Assessing human rights risks and impacts","0.00","2026-06-20 21:02:38+00"
"ea84613e33784b851c63021d48a5ed60","PT_00740-CSI-2025_A.05","PT_00740","General Motors","Public","US37045V1008","54930070NSV60J38I987","USA","North America","United States","C2910","Motor Vehicles & Parts","t","t","t",,"SO","Social","CSI","Social Benchmark","CSI-2025","CSI","Social Benchmark","2025","A","Respecting human rights","05","Assessing human rights risks and impacts","0.00","2026-06-20 21:02:38+00"
"40efedbf35cece6f4b9dbc3d79468c40","PT_00763-CSI-2025_A.05","PT_00763","Goodyear Tire & Rubber","Public","US3825501014","5493002BI0S2ZQUY3437","USA","North America","United States","C2211","Motor Vehicles & Parts","t","t","t",,"SO","Social","CSI","Social Benchmark","CSI-2025","CSI","Social Benchmark","2025","A","Respecting human rights","05","Assessing human rights risks and impacts","0.00","2026-06-20 21:02:38+00"
"7a4c5236bdd844b83114ff0d0e816df1","PT_00804-CSI-2025_A.05","PT_00804","GAC Group","Public","CNE100001NQ2","5299005KY9BJO3ZE6A37","CHN","East Asia & Pacific","China","C2910","Motor Vehicles & Parts",,"t",,,"SO","Social","CSI","Social Benchmark","CSI-2025","CSI","Social Benchmark","2025","A","Respecting human rights","05","Assessing human rights risks and impacts","0.00","2026-06-20 21:02:38+00"
"2673ab844b80534c1dbf6a495b6df6f7","PT_00816-CSI-2025_A.05","PT_00816","Hankook Tire & Technology","Public","KR7161390000","9884001BIEVM09M7AH02","KOR","East Asia & Pacific","Korea, Rep.","C2211","Motor Vehicles & Parts","t","t",,,"SO","Social","CSI","Social Benchmark","CSI-2025","CSI","Social Benchmark","2025","A","Respecting human rights","05","Assessing human rights risks and impacts","0.00","2026-06-20 21:02:38+00"
"e2c1639614108a56861b13362e722dc3","PT_00771-CSI-2025_A.05","PT_00771","Great Wall Motor Company","Public","CNE1000018V8","5299002PZDL54CMG5I32","CHN","East Asia & Pacific","China","C2910","Motor Vehicles & Parts",,"t",,,"SO","Social","CSI","Social Benchmark","CSI-2025","CSI","Social Benchmark","2025","A","Respecting human rights","05","Assessing human rights risks and impacts","0.00","2026-06-20 21:02:38+00"
"2e508eb3b0c1988bd395ea416e0dd483","PT_00816-CSI-2025_A.06","PT_00816","Hankook Tire & Technology","Public","KR7161390000","9884001BIEVM09M7AH02","KOR","East Asia & Pacific","Korea, Rep.","C2211","Motor Vehicles & Parts","t","t",,,"SO","Social","CSI","Social Benchmark","CSI-2025","CSI","Social Benchmark","2025","A","Respecting human rights","06","Integrating and acting on human rights risk and impact assessments","0.00","2026-06-20 21:02:38+00"
"e939f0f833d145ba991400d6d6988453","PT_00572-CSI-2025_A.05","PT_00572","Dongfeng Motor Group","Public","CNE100000312","300300XR7ZL54H8GBA06","CHN","East Asia & Pacific","China","C2910","Motor Vehicles & Parts",,"t",,,"SO","Social","CSI","Social Benchmark","CSI-2025","CSI","Social Benchmark","2025","A","Respecting human rights","05","Assessing human rights risks and impacts","0.00","2026-06-20 21:02:38+00"
"b8d5764034e1dfffa9510731f9043ba1","PT_00771-CSI-2025_A.06","PT_00771","Great Wall Motor Company","Public","CNE1000018V8","5299002PZDL54CMG5I32","CHN","East Asia & Pacific","China","C2910","Motor Vehicles & Parts",,"t",,,"SO","Social","CSI","Social Benchmark","CSI-2025","CSI","Social Benchmark","2025","A","Respecting human rights","06","Integrating and acting on human rights risk and impact assessments","0.00","2026-06-20 21:02:38+00"
"3ea1aa16f66161735a74d1f991247cb0","PT_01280-CSI-2025_A.05","PT_01280","Nissan Motor","Public","JP3672400003","353800DRBDH1LUTNAY26","JPN","East Asia & Pacific","Japan","C2910","Motor Vehicles & Parts","t","t","t",,"SO","Social","CSI","Social Benchmark","CSI-2025","CSI","Social Benchmark","2025","A","Respecting human rights","05","Assessing human rights risks and impacts","0.50","2026-06-20 21:02:38+00"
"5458089d617f37220c7b46015f9b7584","PT_01360-CSI-2025_A.05","PT_01360","PACCAR","Public","US6937181088","KDTEY8BWE486IKZ3CC07","USA","North America","United States","C2910","Motor Vehicles & Parts","t","t","t",,"SO","Social","CSI","Social Benchmark","CSI-2025","CSI","Social Benchmark","2025","A","Respecting human rights","05","Assessing human rights risks and impacts","0.00","2026-06-20 21:02:38+00"
"3ce6cf0982eef15c6e9de68a19a77182","PT_01812-CSI-2025_A.06","PT_01812","Toyota","Public","JP3633400001","5493006W3QUS5LMH6R84","JPN","East Asia & Pacific","Japan","C2910","Motor Vehicles & Parts","t","t","t",,"SO","Social","CSI","Social Benchmark","CSI-2025","CSI","Social Benchmark","2025","A","Respecting human rights","06","Integrating and acting on human rights risk and impact assessments","0.50","2026-06-20 21:02:38+00"
"c606ed648e160c5f42c99af792af497f","PT_00880-CSI-2025_A.06","PT_00880","Hyundai Motor","Public","KR7005380001","9884004RQX8PRBXQ8S60","KOR","East Asia & Pacific","Korea, Rep.","C2910","Motor Vehicles & Parts","t","t",,,"SO","Social","CSI","Social Benchmark","CSI-2025","CSI","Social Benchmark","2025","A","Respecting human rights","06","Integrating and acting on human rights risk and impact assessments","0.50","2026-06-20 21:02:38+00"
"1034eff7edf9256f5c52c60af66ffcb4","PT_02152-CSI-2025_A.06","PT_02152","Chery Holding Group","Private",,"300300F08E6VWZVSVM95","CHN","East Asia & Pacific","China","C2910","Motor Vehicles & Parts",,"t",,,"SO","Social","CSI","Social Benchmark","CSI-2025","CSI","Social Benchmark","2025","A","Respecting human rights","06","Integrating and acting on human rights risk and impact assessments","0.00","2026-06-20 21:02:38+00"
"38ac261f66e957e3258e367c4b13f30b","PT_01116-CSI-2025_A.06","PT_01116","Mahindra and Mahindra","Public","INE101A01026","3358003B573EV4KB4Z02","IND","South Asia","India","C2910","Motor Vehicles & Parts",,"t",,,"SO","Social","CSI","Social Benchmark","CSI-2025","CSI","Social Benchmark","2025","A","Respecting human rights","06","Integrating and acting on human rights risk and impact assessments","0.00","2026-06-20 21:02:38+00"
"7fef9fcd0bb328ab5fb9205046a04a15","PT_00804-CSI-2025_A.04","PT_00804","GAC Group","Public","CNE100001NQ2","5299005KY9BJO3ZE6A37","CHN","East Asia & Pacific","China","C2910","Motor Vehicles & Parts",,"t",,,"SO","Social","CSI","Social Benchmark","CSI-2025","CSI","Social Benchmark","2025","A","Respecting human rights","04","Identifying human rights risks and impacts","0.00","2026-06-20 21:02:38+00"
"6a756a77540b93940137af711fce4084","PT_00763-CSI-2025_A.04","PT_00763","Goodyear Tire & Rubber","Public","US3825501014","5493002BI0S2ZQUY3437","USA","North America","United States","C2211","Motor Vehicles & Parts","t","t","t",,"SO","Social","CSI","Social Benchmark","CSI-2025","CSI","Social Benchmark","2025","A","Respecting human rights","04","Identifying human rights risks and impacts","0.00","2026-06-20 21:02:38+00"
"7379749d8773689de7822c0d585c72a5","PT_00816-CSI-2025_A.04","PT_00816","Hankook Tire & Technology","Public","KR7161390000","9884001BIEVM09M7AH02","KOR","East Asia & Pacific","Korea, Rep.","C2211","Motor Vehicles & Parts","t","t",,,"SO","Social","CSI","Social Benchmark","CSI-2025","CSI","Social Benchmark","2025","A","Respecting human rights","04","Identifying human rights risks and impacts","0.00","2026-06-20 21:02:38+00"
"a6c8ac8016cd10f636452f31260edfd9","PT_00740-CSI-2025_A.04","PT_00740","General Motors","Public","US37045V1008","54930070NSV60J38I987","USA","North America","United States","C2910","Motor Vehicles & Parts","t","t","t",,"SO","Social","CSI","Social Benchmark","CSI-2025","CSI","Social Benchmark","2025","A","Respecting human rights","04","Identifying human rights risks and impacts","0.33","2026-06-20 21:02:38+00"
"c91b32d3ce0a8e3ed9d2bf4ca8d6d22c","PT_01116-CSI-2025_A.04","PT_01116","Mahindra and Mahindra","Public","INE101A01026","3358003B573EV4KB4Z02","IND","South Asia","India","C2910","Motor Vehicles & Parts",,"t",,,"SO","Social","CSI","Social Benchmark","CSI-2025","CSI","Social Benchmark","2025","A","Respecting human rights","04","Identifying human rights risks and impacts","0.00","2026-06-20 21:02:38+00"
"0da72e756002db7300e21b9b0e8dd92c","PT_01766-CSI-2025_A.04","PT_01766","Tesla","Public","US88160R1014","54930043XZGB27CTOV49","USA","North America","United States","C2910","Motor Vehicles & Parts","t","t","t",,"SO","Social","CSI","Social Benchmark","CSI-2025","CSI","Social Benchmark","2025","A","Respecting human rights","04","Identifying human rights risks and impacts","0.00","2026-06-20 21:02:38+00"
"b4c59f96faa76d777ca63a7181d6c963","PT_01678-CSI-2025_A.04","PT_01678","Subaru Corporation","Public","JP3814800003","549300N244BVAEE6HH86","JPN","East Asia & Pacific","Japan","C2910","Motor Vehicles & Parts","t","t","t",,"SO","Social","CSI","Social Benchmark","CSI-2025","CSI","Social Benchmark","2025","A","Respecting human rights","04","Identifying human rights risks and impacts","0.33","2026-06-20 21:02:38+00"
"4fc1247edc81b2f4548c3a36e26839a6","PT_02038-CSI-2025_A.04","PT_02038","Kia","Public","KR7000270009","988400V8MJK9N7OI5X76","KOR","East Asia & Pacific","Korea, Rep.","C2910","Motor Vehicles & Parts","t","t",,,"SO","Social","CSI","Social Benchmark","CSI-2025","CSI","Social Benchmark","2025","A","Respecting human rights","04","Identifying human rights risks and impacts","1.00","2026-06-20 21:02:38+00"
"e6ed5855396ca1bf5fcd675af7fae337","PT_02037-CSI-2025_A.04","PT_02037","JAC Motors","Public","CNE0000018M9","300300KQABCMFKN2E931","CHN","East Asia & Pacific","China","C2910","Motor Vehicles & Parts",,"t",,,"SO","Social","CSI","Social Benchmark","CSI-2025","CSI","Social Benchmark","2025","A","Respecting human rights","04","Identifying human rights risks and impacts","0.00","2026-06-20 21:02:38+00"
"52ef209f067577eeedfde5acc492c5bc","PT_02007-CSI-2025_A.04","PT_02007","Volkswagen","Public","DE0007664039","529900NNUPAGGOMPXZ31","DEU","Europe & Central Asia","Germany","C2910","Motor Vehicles & Parts","t","t","t","t","SO","Social","CSI","Social Benchmark","CSI-2025","CSI","Social Benchmark","2025","A","Respecting human rights","04","Identifying human rights risks and impacts","0.67","2026-06-20 21:02:38+00"
"96868b12d39c5023a68bd0ea618c556a","PT_00261-CSI-2025_A.05","PT_00261","BMW","Public","DE0005190003","YEH5ZCD6E441RHVHD759","DEU","Europe & Central Asia","Germany","C2910","Motor Vehicles & Parts","t","t","t","t","SO","Social","CSI","Social Benchmark","CSI-2025","CSI","Social Benchmark","2025","A","Respecting human rights","05","Assessing human rights risks and impacts","0.50","2026-06-20 21:02:38+00"
"9220586a02bef541c1b50f0de1b74b6b","PT_00367-CSI-2025_A.05","PT_00367","FAW","Government",,"300300MX7XTA1YIALI60","CHN","East Asia & Pacific","China","C2910","Motor Vehicles & Parts",,"t",,,"SO","Social","CSI","Social Benchmark","CSI-2025","CSI","Social Benchmark","2025","A","Respecting human rights","05","Assessing human rights risks and impacts","0.00","2026-06-20 21:02:38+00"
"69033d3ae4cefd512a290c462c972fff","PT_00290-CSI-2025_A.05","PT_00290","BYD","Public","CNE100001526","5299001O3LAFGRPZ3Y63","CHN","East Asia & Pacific","China","C2910","Motor Vehicles & Parts",,"t",,,"SO","Social","CSI","Social Benchmark","CSI-2025","CSI","Social Benchmark","2025","A","Respecting human rights","05","Assessing human rights risks and impacts","0.00","2026-06-20 21:02:38+00"
"4a38b00b7a717a1acefabf0c842e6653","PT_02152-CSI-2025_A.05","PT_02152","Chery Holding Group","Private",,"300300F08E6VWZVSVM95","CHN","East Asia & Pacific","China","C2910","Motor Vehicles & Parts",,"t",,,"SO","Social","CSI","Social Benchmark","CSI-2025","CSI","Social Benchmark","2025","A","Respecting human rights","05","Assessing human rights risks and impacts","0.00","2026-06-20 21:02:38+00"
"7216171cf3230605692f349856d4890a","PT_02151-CSI-2025_A.05","PT_02151","Stellantis","Public","NL00150001Q9","549300LKT9PW7ZIBDF31","NLD","Europe & Central Asia","Netherlands","C2910","Motor Vehicles & Parts","t",,,"t","SO","Social","CSI","Social Benchmark","CSI-2025","CSI","Social Benchmark","2025","A","Respecting human rights","05","Assessing human rights risks and impacts","1.00","2026-06-20 21:02:38+00"
"da088e354b091474d15f61f6aeba05aa","PT_02548-CSI-2025_A.05","PT_02548","Mercedes-Benz","Public","DE0007100000","529900R27DL06UVNT076","DEU","Europe & Central Asia","Germany","C2910","Motor Vehicles & Parts","t","t","t","t","SO","Social","CSI","Social Benchmark","CSI-2025","CSI","Social Benchmark","2025","A","Respecting human rights","05","Assessing human rights risks and impacts","0.75","2026-06-20 21:02:38+00"
"aff46a51ca95d658b86ad3143940aae8","PT_01993-CSI-2025_A.05","PT_01993","Geely Holding","Private",,"549300YS3T1KVQ2SNI84","CHN","East Asia & Pacific","China","C2910","Motor Vehicles & Parts",,"t",,,"SO","Social","CSI","Social Benchmark","CSI-2025","CSI","Social Benchmark","2025","A","Respecting human rights","05","Assessing human rights risks and impacts","0.50","2026-06-20 21:02:38+00"
"789a7bdd6704b3a021879af2dd8eac41","PT_02009-CSI-2025_A.05","PT_02009","Mitsubishi Motors Corporation","Public","JP3899800001","5299006ZTN6MO1N5BR16","JPN","East Asia & Pacific","Japan","C2910","Motor Vehicles & Parts","t","t","t",,"SO","Social","CSI","Social Benchmark","CSI-2025","CSI","Social Benchmark","2025","A","Respecting human rights","05","Assessing human rights risks and impacts","0.50","2026-06-20 21:02:38+00"
"eb56450283930df006fb036fb5cc70d3","PT_02008-CSI-2025_A.05","PT_02008","Tata Motors","Public","INE155A01022","335800BO2LHWJJ8TZI32","IND","South Asia","India","C2910","Motor Vehicles & Parts",,"t",,,"SO","Social","CSI","Social Benchmark","CSI-2025","CSI","Social Benchmark","2025","A","Respecting human rights","05","Assessing human rights risks and impacts","0.00","2026-06-20 21:02:38+00"
"9513f4549fd5e14f428e6084618653bb","PT_01978-CSI-2025_A.05","PT_01978","Yokohama Rubber","Public","JP3955800002","52990036XNWY2FMYWB76","JPN","East Asia & Pacific","Japan","C2211","Motor Vehicles & Parts","t","t","t",,"SO","Social","CSI","Social Benchmark","CSI-2025","CSI","Social Benchmark","2025","A","Respecting human rights","05","Assessing human rights risks and impacts","0.50","2026-06-20 21:02:38+00"
"876d9bee762134834dfad37a79957a13","PT_01476-CSI-2025_A.05","PT_01476","Renault","Public","FR0000131906","969500F7JLTX36OUI695","FRA","Europe & Central Asia","France","C2910","Motor Vehicles & Parts","t","t","t","t","SO","Social","CSI","Social Benchmark","CSI-2025","CSI","Social Benchmark","2025","A","Respecting human rights","05","Assessing human rights risks and impacts","1.00","2026-06-20 21:02:38+00"
"0fb131e6f1b00bf29b2caadf8c8a1f0f","PT_00472-CSI-2025_A.05","PT_00472","Continental","Public","DE0005439004","529900A7YD9C0LLXM621","DEU","Europe & Central Asia","Germany","C2211","Motor Vehicles & Parts","t","t","t","t","SO","Social","CSI","Social Benchmark","CSI-2025","CSI","Social Benchmark","2025","A","Respecting human rights","05","Assessing human rights risks and impacts","1.00","2026-06-20 21:02:38+00"
"ce9398f3fe50bebef1e5e5a8ec1b3ba0","PT_01409-CSI-2025_A.05","PT_01409","Pirelli & C","Public","IT0005278236","815600A0C9AFC1F2A709","ITA","Europe & Central Asia","Italy","C2211","Motor Vehicles & Parts","t","t","t","t","SO","Social","CSI","Social Benchmark","CSI-2025","CSI","Social Benchmark","2025","A","Respecting human rights","05","Assessing human rights risks and impacts","1.00","2026-06-20 21:02:38+00"
"2406765dfc366aeb2d48b065fcfdc68b","PT_00763-CSI-2025_A.06","PT_00763","Goodyear Tire & Rubber","Public","US3825501014","5493002BI0S2ZQUY3437","USA","North America","United States","C2211","Motor Vehicles & Parts","t","t","t",,"SO","Social","CSI","Social Benchmark","CSI-2025","CSI","Social Benchmark","2025","A","Respecting human rights","06","Integrating and acting on human rights risk and impact assessments","0.00","2026-06-20 21:02:38+00"
"51a795e705240aec38798e1f457bdeb5","PT_00740-CSI-2025_A.06","PT_00740","General Motors","Public","US37045V1008","54930070NSV60J38I987","USA","North America","United States","C2910","Motor Vehicles & Parts","t","t","t",,"SO","Social","CSI","Social Benchmark","CSI-2025","CSI","Social Benchmark","2025","A","Respecting human rights","06","Integrating and acting on human rights risk and impact assessments","0.25","2026-06-20 21:02:38+00"
"3fe091127df544b6600e0cd323c7b825","PT_02548-CSI-2025_A.06","PT_02548","Mercedes-Benz","Public","DE0007100000","529900R27DL06UVNT076","DEU","Europe & Central Asia","Germany","C2910","Motor Vehicles & Parts","t","t","t","t","SO","Social","CSI","Social Benchmark","CSI-2025","CSI","Social Benchmark","2025","A","Respecting human rights","06","Integrating and acting on human rights risk and impact assessments","0.75","2026-06-20 21:02:38+00"
"5ef21c4a488a4137b323ec85741acef4","PT_01766-CSI-2025_A.06","PT_01766","Tesla","Public","US88160R1014","54930043XZGB27CTOV49","USA","North America","United States","C2910","Motor Vehicles & Parts","t","t","t",,"SO","Social","CSI","Social Benchmark","CSI-2025","CSI","Social Benchmark","2025","A","Respecting human rights","06","Integrating and acting on human rights risk and impact assessments","0.00","2026-06-20 21:02:38+00"
"4f567d0b0d18e8f836a6df1c0809aba9","PT_01703-CSI-2025_A.06","PT_01703","Suzuki","Public","JP3397200001","353800D83H0V3ZV1SV24","JPN","East Asia & Pacific","Japan","C2910","Motor Vehicles & Parts","t","t","t",,"SO","Social","CSI","Social Benchmark","CSI-2025","CSI","Social Benchmark","2025","A","Respecting human rights","06","Integrating and acting on human rights risk and impact assessments","0.00","2026-06-20 21:02:38+00"
"32dff55b43e66de1a369c20c4e198629","PT_02727-CSI-2025_A.06","PT_02727","Scania","Private",,"52990000AKKX75BMWB43","SWE","Europe & Central Asia","Sweden","C2910","Motor Vehicles & Parts","t",,,"t","SO","Social","CSI","Social Benchmark","CSI-2025","CSI","Social Benchmark","2025","A","Respecting human rights","06","Integrating and acting on human rights risk and impact assessments","0.25","2026-06-20 21:02:38+00"
"1a23cfdba82c087e117a8edd1e901817","PT_00855-CSI-2025_A.06","PT_00855","Honda Motor","Public","JP3854600008","549300P7ZYCQJ36CCS16","JPN","East Asia & Pacific","Japan","C2910","Motor Vehicles & Parts","t","t","t",,"SO","Social","CSI","Social Benchmark","CSI-2025","CSI","Social Benchmark","2025","A","Respecting human rights","06","Integrating and acting on human rights risk and impact assessments","0.00","2026-06-20 21:02:38+00"
"aa247f0ba1e63d89022f6586b01cf7ec","PT_01409-CSI-2025_A.06","PT_01409","Pirelli & C","Public","IT0005278236","815600A0C9AFC1F2A709","ITA","Europe & Central Asia","Italy","C2211","Motor Vehicles & Parts","t","t","t","t","SO","Social","CSI","Social Benchmark","CSI-2025","CSI","Social Benchmark","2025","A","Respecting human rights","06","Integrating and acting on human rights risk and impact assessments","0.75","2026-06-20 21:02:38+00"
"d7ae9658df043a8f1134be92b9a11f3e","PT_01280-CSI-2025_A.06","PT_01280","Nissan Motor","Public","JP3672400003","353800DRBDH1LUTNAY26","JPN","East Asia & Pacific","Japan","C2910","Motor Vehicles & Parts","t","t","t",,"SO","Social","CSI","Social Benchmark","CSI-2025","CSI","Social Benchmark","2025","A","Respecting human rights","06","Integrating and acting on human rights risk and impact assessments","1.00","2026-06-20 21:02:38+00"
"62282811d1e460edc6d5e90381326ba3","PT_01360-CSI-2025_A.06","PT_01360","PACCAR","Public","US6937181088","KDTEY8BWE486IKZ3CC07","USA","North America","United States","C2910","Motor Vehicles & Parts","t","t","t",,"SO","Social","CSI","Social Benchmark","CSI-2025","CSI","Social Benchmark","2025","A","Respecting human rights","06","Integrating and acting on human rights risk and impact assessments","0.00","2026-06-20 21:02:38+00"
"bb7fdb28d1a3d55221311a4c1167fed1","PT_01766-CSI-2025_A.01","PT_01766","Tesla","Public","US88160R1014","54930043XZGB27CTOV49","USA","North America","United States","C2910","Motor Vehicles & Parts","t","t","t",,"SO","Social","CSI","Social Benchmark","CSI-2025","CSI","Social Benchmark","2025","A","Respecting human rights","01","Commitment to respect human rights","0.00","2026-06-20 21:02:38+00"
"65e9c26d4615c1ba32f71f8995f3e1bd","PT_00290-CSI-2025_A.06","PT_00290","BYD","Public","CNE100001526","5299001O3LAFGRPZ3Y63","CHN","East Asia & Pacific","China","C2910","Motor Vehicles & Parts",,"t",,,"SO","Social","CSI","Social Benchmark","CSI-2025","CSI","Social Benchmark","2025","A","Respecting human rights","06","Integrating and acting on human rights risk and impact assessments","0.00","2026-06-20 21:02:38+00"
"04b027bbbcf253e70dfb78ceb18e6059","PT_00367-CSI-2025_A.06","PT_00367","FAW","Government",,"300300MX7XTA1YIALI60","CHN","East Asia & Pacific","China","C2910","Motor Vehicles & Parts",,"t",,,"SO","Social","CSI","Social Benchmark","CSI-2025","CSI","Social Benchmark","2025","A","Respecting human rights","06","Integrating and acting on human rights risk and impact assessments","0.00","2026-06-20 21:02:38+00"
"d6fe86723c81cdab7f3416beba1a1e24","PT_00341-CSI-2025_A.06","PT_00341","Changan Automobile","Public","CNE000000R36","300300WKFSBX9P5ZOM25","CHN","East Asia & Pacific","China","C2910","Motor Vehicles & Parts",,"t",,,"SO","Social","CSI","Social Benchmark","CSI-2025","CSI","Social Benchmark","2025","A","Respecting human rights","06","Integrating and acting on human rights risk and impact assessments","0.00","2026-06-20 21:02:38+00"
"e42d0be4e5531d57ee5e2b3fedb10736","PT_00345-CSI-2025_A.06","PT_00345","Cheng Shin Rubber","Public","TW0002105004","3003006VZBNKJZLNJ718","TWN","East Asia & Pacific","Taiwan, China","C2211","Motor Vehicles & Parts",,,,,"SO","Social","CSI","Social Benchmark","CSI-2025","CSI","Social Benchmark","2025","A","Respecting human rights","06","Integrating and acting on human rights risk and impact assessments","0.00","2026-06-20 21:02:38+00"
"dbe1b22fa08f57c031faf2c3926c75c8","PT_00275-CSI-2025_A.06","PT_00275","Bridgestone","Public","JP3830800003","549300DHPOF90OYYD780","JPN","East Asia & Pacific","Japan","C2211","Motor Vehicles & Parts","t","t","t",,"SO","Social","CSI","Social Benchmark","CSI-2025","CSI","Social Benchmark","2025","A","Respecting human rights","06","Integrating and acting on human rights risk and impact assessments","0.25","2026-06-20 21:02:38+00"
"a2d3a11e5e40d53c24cff7ef7b4710ab","PT_01993-CSI-2025_A.06","PT_01993","Geely Holding","Private",,"549300YS3T1KVQ2SNI84","CHN","East Asia & Pacific","China","C2910","Motor Vehicles & Parts",,"t",,,"SO","Social","CSI","Social Benchmark","CSI-2025","CSI","Social Benchmark","2025","A","Respecting human rights","06","Integrating and acting on human rights risk and impact assessments","0.00","2026-06-20 21:02:38+00"
"f77581a08c72a1a4e40d4b8315e3ad7c","PT_02009-CSI-2025_A.06","PT_02009","Mitsubishi Motors Corporation","Public","JP3899800001","5299006ZTN6MO1N5BR16","JPN","East Asia & Pacific","Japan","C2910","Motor Vehicles & Parts","t","t","t",,"SO","Social","CSI","Social Benchmark","CSI-2025","CSI","Social Benchmark","2025","A","Respecting human rights","06","Integrating and acting on human rights risk and impact assessments","0.00","2026-06-20 21:02:38+00"
"fa9b21da604341b33d83a0187aee63c2","PT_00472-CSI-2025_A.06","PT_00472","Continental","Public","DE0005439004","529900A7YD9C0LLXM621","DEU","Europe & Central Asia","Germany","C2211","Motor Vehicles & Parts","t","t","t","t","SO","Social","CSI","Social Benchmark","CSI-2025","CSI","Social Benchmark","2025","A","Respecting human rights","06","Integrating and acting on human rights risk and impact assessments","0.50","2026-06-20 21:02:38+00"
"d2017ce4ec61faf12c07a49f7659ce3d","PT_00572-CSI-2025_A.06","PT_00572","Dongfeng Motor Group","Public","CNE100000312","300300XR7ZL54H8GBA06","CHN","East Asia & Pacific","China","C2910","Motor Vehicles & Parts",,"t",,,"SO","Social","CSI","Social Benchmark","CSI-2025","CSI","Social Benchmark","2025","A","Respecting human rights","06","Integrating and acting on human rights risk and impact assessments","0.00","2026-06-20 21:02:38+00"
"1499c63e9acb5007b52393dabdcaae7d","PT_01511-CSI-2025_A.07","PT_01511","Ryder System","Public","US7835491082","ZXJ6Y2OSPZXIVGRILD15","USA","North America","United States","N7710","Motor Vehicles & Parts","t","t","t",,"SO","Social","CSI","Social Benchmark","CSI-2025","CSI","Social Benchmark","2025","A","Respecting human rights","07","Grievance mechanisms for workers","1.00","2026-06-20 21:02:38+00"
"3a2c2dfefa1f93a78e08a46884e30709","PT_01978-CSI-2025_A.06","PT_01978","Yokohama Rubber","Public","JP3955800002","52990036XNWY2FMYWB76","JPN","East Asia & Pacific","Japan","C2211","Motor Vehicles & Parts","t","t","t",,"SO","Social","CSI","Social Benchmark","CSI-2025","CSI","Social Benchmark","2025","A","Respecting human rights","06","Integrating and acting on human rights risk and impact assessments","0.25","2026-06-20 21:02:38+00"
"501ebfed2457b1b0f9e7f637ea968e91","PT_02037-CSI-2025_A.06","PT_02037","JAC Motors","Public","CNE0000018M9","300300KQABCMFKN2E931","CHN","East Asia & Pacific","China","C2910","Motor Vehicles & Parts",,"t",,,"SO","Social","CSI","Social Benchmark","CSI-2025","CSI","Social Benchmark","2025","A","Respecting human rights","06","Integrating and acting on human rights risk and impact assessments","0.00","2026-06-20 21:02:38+00"
"fc71586e22c3bd11c37e43dd2d5b53ff","PT_02038-CSI-2025_A.06","PT_02038","Kia","Public","KR7000270009","988400V8MJK9N7OI5X76","KOR","East Asia & Pacific","Korea, Rep.","C2910","Motor Vehicles & Parts","t","t",,,"SO","Social","CSI","Social Benchmark","CSI-2025","CSI","Social Benchmark","2025","A","Respecting human rights","06","Integrating and acting on human rights risk and impact assessments","0.50","2026-06-20 21:02:38+00"
"76219bfaba93d415c3635c301a874c31","PT_00880-CSI-2025_A.07","PT_00880","Hyundai Motor","Public","KR7005380001","9884004RQX8PRBXQ8S60","KOR","East Asia & Pacific","Korea, Rep.","C2910","Motor Vehicles & Parts","t","t",,,"SO","Social","CSI","Social Benchmark","CSI-2025","CSI","Social Benchmark","2025","A","Respecting human rights","07","Grievance mechanisms for workers","1.00","2026-06-20 21:02:38+00"
"b87acc8ab0072c56f9a5a9a4b384e80d","PT_02548-CSI-2025_A.07","PT_02548","Mercedes-Benz","Public","DE0007100000","529900R27DL06UVNT076","DEU","Europe & Central Asia","Germany","C2910","Motor Vehicles & Parts","t","t","t","t","SO","Social","CSI","Social Benchmark","CSI-2025","CSI","Social Benchmark","2025","A","Respecting human rights","07","Grievance mechanisms for workers","1.00","2026-06-20 21:02:38+00"
"ba74172802d816b9970dd400fdbfb747","PT_01360-CSI-2025_A.07","PT_01360","PACCAR","Public","US6937181088","KDTEY8BWE486IKZ3CC07","USA","North America","United States","C2910","Motor Vehicles & Parts","t","t","t",,"SO","Social","CSI","Social Benchmark","CSI-2025","CSI","Social Benchmark","2025","A","Respecting human rights","07","Grievance mechanisms for workers","1.00","2026-06-20 21:02:38+00"
"39639913a41e1036ef9400f3a7d684f3","PT_01280-CSI-2025_A.07","PT_01280","Nissan Motor","Public","JP3672400003","353800DRBDH1LUTNAY26","JPN","East Asia & Pacific","Japan","C2910","Motor Vehicles & Parts","t","t","t",,"SO","Social","CSI","Social Benchmark","CSI-2025","CSI","Social Benchmark","2025","A","Respecting human rights","07","Grievance mechanisms for workers","0.00","2026-06-20 21:02:38+00"
"6879a143bf416a11f80c74b775ebe5ee","PT_01995-CSI-2025_A.07","PT_01995","Zhongce Rubber Group","Private",,"3003009F43G96IGM7906","CHN","East Asia & Pacific","China","C2211","Motor Vehicles & Parts",,"t",,,"SO","Social","CSI","Social Benchmark","CSI-2025","CSI","Social Benchmark","2025","A","Respecting human rights","07","Grievance mechanisms for workers","0.00","2026-06-20 21:02:38+00"
"13c66db1897cb438d900b682c5c326d0","PT_02009-CSI-2025_A.07","PT_02009","Mitsubishi Motors Corporation","Public","JP3899800001","5299006ZTN6MO1N5BR16","JPN","East Asia & Pacific","Japan","C2910","Motor Vehicles & Parts","t","t","t",,"SO","Social","CSI","Social Benchmark","CSI-2025","CSI","Social Benchmark","2025","A","Respecting human rights","07","Grievance mechanisms for workers","1.00","2026-06-20 21:02:38+00"
"839ecfe6379b128f125963bf091a9023","PT_01766-CSI-2025_A.08","PT_01766","Tesla","Public","US88160R1014","54930043XZGB27CTOV49","USA","North America","United States","C2910","Motor Vehicles & Parts","t","t","t",,"SO","Social","CSI","Social Benchmark","CSI-2025","CSI","Social Benchmark","2025","A","Respecting human rights","08","Grievance mechanisms for external individuals and communities","0.00","2026-06-20 21:02:38+00"
"554e00a718d26db76e8c81cfc98c5bff","PT_01511-CSI-2025_A.08","PT_01511","Ryder System","Public","US7835491082","ZXJ6Y2OSPZXIVGRILD15","USA","North America","United States","N7710","Motor Vehicles & Parts","t","t","t",,"SO","Social","CSI","Social Benchmark","CSI-2025","CSI","Social Benchmark","2025","A","Respecting human rights","08","Grievance mechanisms for external individuals and communities","1.00","2026-06-20 21:02:38+00"
"0ab04f85c801192e2367bfb07fd88e40","PT_02109-CSI-2025_A.08","PT_02109","Volvo","Public","SE0000115446","549300HGV012CNC8JD22","SWE","Europe & Central Asia","Sweden","C2910","Motor Vehicles & Parts","t",,,"t","SO","Social","CSI","Social Benchmark","CSI-2025","CSI","Social Benchmark","2025","A","Respecting human rights","08","Grievance mechanisms for external individuals and communities","1.00","2026-06-20 21:02:38+00"
"a5ecaf1bfaa116cce5002fbe3ee11fbd","PT_02152-CSI-2025_A.08","PT_02152","Chery Holding Group","Private",,"300300F08E6VWZVSVM95","CHN","East Asia & Pacific","China","C2910","Motor Vehicles & Parts",,"t",,,"SO","Social","CSI","Social Benchmark","CSI-2025","CSI","Social Benchmark","2025","A","Respecting human rights","08","Grievance mechanisms for external individuals and communities","0.00","2026-06-20 21:02:38+00"
"55fc5dd44d30b76cc33322307629e3c1","PT_00705-CSI-2025_A.08","PT_00705","Ford","Public","US3453708600","20S05OYHG0MQM4VUIC57","USA","North America","United States","C2910","Motor Vehicles & Parts","t","t","t",,"SO","Social","CSI","Social Benchmark","CSI-2025","CSI","Social Benchmark","2025","A","Respecting human rights","08","Grievance mechanisms for external individuals and communities","1.00","2026-06-20 21:02:38+00"
"f5b30642f1fa98211e290790a5ef34d9","PT_00771-CSI-2025_A.08","PT_00771","Great Wall Motor Company","Public","CNE1000018V8","5299002PZDL54CMG5I32","CHN","East Asia & Pacific","China","C2910","Motor Vehicles & Parts",,"t",,,"SO","Social","CSI","Social Benchmark","CSI-2025","CSI","Social Benchmark","2025","A","Respecting human rights","08","Grievance mechanisms for external individuals and communities","0.00","2026-06-20 21:02:38+00"
"7bf75a68bcf432a70a4ad4cb4a8de6fc","PT_00804-CSI-2025_A.08","PT_00804","GAC Group","Public","CNE100001NQ2","5299005KY9BJO3ZE6A37","CHN","East Asia & Pacific","China","C2910","Motor Vehicles & Parts",,"t",,,"SO","Social","CSI","Social Benchmark","CSI-2025","CSI","Social Benchmark","2025","A","Respecting human rights","08","Grievance mechanisms for external individuals and communities","0.00","2026-06-20 21:02:38+00"
"2183c94ec956b30d7a4c51f5dc799701","PT_01139-CSI-2025_A.08","PT_01139","Mazda","Public","JP3868400007","52990044YZJLICDQKK92","JPN","East Asia & Pacific","Japan","C2910","Motor Vehicles & Parts","t","t","t",,"SO","Social","CSI","Social Benchmark","CSI-2025","CSI","Social Benchmark","2025","A","Respecting human rights","08","Grievance mechanisms for external individuals and communities","1.00","2026-06-20 21:02:38+00"
"eaa4ae000cc42985cd717c7d3ba0ac3c","PT_01168-CSI-2025_A.08","PT_01168","Michelin","Public","FR0000121261","549300SOSI58J6VIW052","FRA","Europe & Central Asia","France","C2211","Motor Vehicles & Parts","t","t","t","t","SO","Social","CSI","Social Benchmark","CSI-2025","CSI","Social Benchmark","2025","A","Respecting human rights","08","Grievance mechanisms for external individuals and communities","1.00","2026-06-20 21:02:38+00"
"bc103de3841b579afacd0241b19376f7","PT_02727-CSI-2025_A.08","PT_02727","Scania","Private",,"52990000AKKX75BMWB43","SWE","Europe & Central Asia","Sweden","C2910","Motor Vehicles & Parts","t",,,"t","SO","Social","CSI","Social Benchmark","CSI-2025","CSI","Social Benchmark","2025","A","Respecting human rights","08","Grievance mechanisms for external individuals and communities","1.00","2026-06-20 21:02:38+00"
"7bdd7c3c541a5b467db2f4f33761dd51","PT_02726-CSI-2025_A.08","PT_02726","Daimler Truck","Public","DE000DTR0CK8","529900PW78JIYOUBSR24","DEU","Europe & Central Asia","Germany","C2910","Motor Vehicles & Parts","t","t","t","t","SO","Social","CSI","Social Benchmark","CSI-2025","CSI","Social Benchmark","2025","A","Respecting human rights","08","Grievance mechanisms for external individuals and communities","1.00","2026-06-20 21:02:38+00"
"88affed20756bb48c981c5d0a58ec14b","PT_01978-CSI-2025_A.08","PT_01978","Yokohama Rubber","Public","JP3955800002","52990036XNWY2FMYWB76","JPN","East Asia & Pacific","Japan","C2211","Motor Vehicles & Parts","t","t","t",,"SO","Social","CSI","Social Benchmark","CSI-2025","CSI","Social Benchmark","2025","A","Respecting human rights","08","Grievance mechanisms for external individuals and communities","1.00","2026-06-20 21:02:38+00"
"b61a2075c6faeaa3378be62ebe41d9a4","PT_02008-CSI-2025_A.08","PT_02008","Tata Motors","Public","INE155A01022","335800BO2LHWJJ8TZI32","IND","South Asia","India","C2910","Motor Vehicles & Parts",,"t",,,"SO","Social","CSI","Social Benchmark","CSI-2025","CSI","Social Benchmark","2025","A","Respecting human rights","08","Grievance mechanisms for external individuals and communities","1.00","2026-06-20 21:02:38+00"
"93ad39d033e705ccf5a5647654221d8d","PT_01995-CSI-2025_A.08","PT_01995","Zhongce Rubber Group","Private",,"3003009F43G96IGM7906","CHN","East Asia & Pacific","China","C2211","Motor Vehicles & Parts",,"t",,,"SO","Social","CSI","Social Benchmark","CSI-2025","CSI","Social Benchmark","2025","A","Respecting human rights","08","Grievance mechanisms for external individuals and communities","0.00","2026-06-20 21:02:38+00"
"a4ede3daaa97172da18203b79da12b04","PT_02009-CSI-2025_A.08","PT_02009","Mitsubishi Motors Corporation","Public","JP3899800001","5299006ZTN6MO1N5BR16","JPN","East Asia & Pacific","Japan","C2910","Motor Vehicles & Parts","t","t","t",,"SO","Social","CSI","Social Benchmark","CSI-2025","CSI","Social Benchmark","2025","A","Respecting human rights","08","Grievance mechanisms for external individuals and communities","1.00","2026-06-20 21:02:38+00"
"9a216e0c3f99331196f4bdf903e61aab","PT_00855-CSI-2025_A.01","PT_00855","Honda Motor","Public","JP3854600008","549300P7ZYCQJ36CCS16","JPN","East Asia & Pacific","Japan","C2910","Motor Vehicles & Parts","t","t","t",,"SO","Social","CSI","Social Benchmark","CSI-2025","CSI","Social Benchmark","2025","A","Respecting human rights","01","Commitment to respect human rights","1.00","2026-06-20 21:02:38+00"
"bd48ccd44247c8c814878c0f4cd6a977","PT_00572-CSI-2025_A.08","PT_00572","Dongfeng Motor Group","Public","CNE100000312","300300XR7ZL54H8GBA06","CHN","East Asia & Pacific","China","C2910","Motor Vehicles & Parts",,"t",,,"SO","Social","CSI","Social Benchmark","CSI-2025","CSI","Social Benchmark","2025","A","Respecting human rights","08","Grievance mechanisms for external individuals and communities","0.00","2026-06-20 21:02:38+00"
"f814ee259d010a2116cf48c824d8db0b","PT_00275-CSI-2025_A.08","PT_00275","Bridgestone","Public","JP3830800003","549300DHPOF90OYYD780","JPN","East Asia & Pacific","Japan","C2211","Motor Vehicles & Parts","t","t","t",,"SO","Social","CSI","Social Benchmark","CSI-2025","CSI","Social Benchmark","2025","A","Respecting human rights","08","Grievance mechanisms for external individuals and communities","1.00","2026-06-20 21:02:38+00"
"e22f54006a0f1b0d4c118d26fc3d2ad0","PT_01518-CSI-2025_A.07","PT_01518","SAIC Motor","Public","CNE000000TY6","30030001QBC7EXJJGT71","CHN","East Asia & Pacific","China","C2910","Motor Vehicles & Parts",,"t",,,"SO","Social","CSI","Social Benchmark","CSI-2025","CSI","Social Benchmark","2025","A","Respecting human rights","07","Grievance mechanisms for workers","0.00","2026-06-20 21:02:38+00"
"e51fba057a633b7bde22deb463b36882","PT_01476-CSI-2025_A.07","PT_01476","Renault","Public","FR0000131906","969500F7JLTX36OUI695","FRA","Europe & Central Asia","France","C2910","Motor Vehicles & Parts","t","t","t","t","SO","Social","CSI","Social Benchmark","CSI-2025","CSI","Social Benchmark","2025","A","Respecting human rights","07","Grievance mechanisms for workers","0.00","2026-06-20 21:02:38+00"
"5c9456f0c2842f8cbdbad882f4126e27","PT_00705-CSI-2025_A.07","PT_00705","Ford","Public","US3453708600","20S05OYHG0MQM4VUIC57","USA","North America","United States","C2910","Motor Vehicles & Parts","t","t","t",,"SO","Social","CSI","Social Benchmark","CSI-2025","CSI","Social Benchmark","2025","A","Respecting human rights","07","Grievance mechanisms for workers","1.00","2026-06-20 21:02:38+00"
"97e67c246ebda9bdd17647d8a8c0da3d","PT_00816-CSI-2025_A.07","PT_00816","Hankook Tire & Technology","Public","KR7161390000","9884001BIEVM09M7AH02","KOR","East Asia & Pacific","Korea, Rep.","C2211","Motor Vehicles & Parts","t","t",,,"SO","Social","CSI","Social Benchmark","CSI-2025","CSI","Social Benchmark","2025","A","Respecting human rights","07","Grievance mechanisms for workers","0.00","2026-06-20 21:02:38+00"
"e416e4d11e90c292f47b6704034cca1e","PT_00740-CSI-2025_A.07","PT_00740","General Motors","Public","US37045V1008","54930070NSV60J38I987","USA","North America","United States","C2910","Motor Vehicles & Parts","t","t","t",,"SO","Social","CSI","Social Benchmark","CSI-2025","CSI","Social Benchmark","2025","A","Respecting human rights","07","Grievance mechanisms for workers","0.00","2026-06-20 21:02:38+00"
"4ef7592ca123d82c0f07c995bb875ee9","PT_00763-CSI-2025_A.07","PT_00763","Goodyear Tire & Rubber","Public","US3825501014","5493002BI0S2ZQUY3437","USA","North America","United States","C2211","Motor Vehicles & Parts","t","t","t",,"SO","Social","CSI","Social Benchmark","CSI-2025","CSI","Social Benchmark","2025","A","Respecting human rights","07","Grievance mechanisms for workers","1.00","2026-06-20 21:02:38+00"
"ed9acf5eb533a449e45da33302e2afe3","PT_00771-CSI-2025_A.07","PT_00771","Great Wall Motor Company","Public","CNE1000018V8","5299002PZDL54CMG5I32","CHN","East Asia & Pacific","China","C2910","Motor Vehicles & Parts",,"t",,,"SO","Social","CSI","Social Benchmark","CSI-2025","CSI","Social Benchmark","2025","A","Respecting human rights","07","Grievance mechanisms for workers","0.00","2026-06-20 21:02:38+00"
"8046e79eff5bb06098a1ccb1755e3f7a","PT_00804-CSI-2025_A.07","PT_00804","GAC Group","Public","CNE100001NQ2","5299005KY9BJO3ZE6A37","CHN","East Asia & Pacific","China","C2910","Motor Vehicles & Parts",,"t",,,"SO","Social","CSI","Social Benchmark","CSI-2025","CSI","Social Benchmark","2025","A","Respecting human rights","07","Grievance mechanisms for workers","0.00","2026-06-20 21:02:38+00"
"36a45dbc480091ccef2e3e4d83a3dc7c","PT_02151-CSI-2025_A.07","PT_02151","Stellantis","Public","NL00150001Q9","549300LKT9PW7ZIBDF31","NLD","Europe & Central Asia","Netherlands","C2910","Motor Vehicles & Parts","t",,,"t","SO","Social","CSI","Social Benchmark","CSI-2025","CSI","Social Benchmark","2025","A","Respecting human rights","07","Grievance mechanisms for workers","0.00","2026-06-20 21:02:38+00"
"0fad00f51b6c8f11dd95a01291823a95","PT_02109-CSI-2025_A.07","PT_02109","Volvo","Public","SE0000115446","549300HGV012CNC8JD22","SWE","Europe & Central Asia","Sweden","C2910","Motor Vehicles & Parts","t",,,"t","SO","Social","CSI","Social Benchmark","CSI-2025","CSI","Social Benchmark","2025","A","Respecting human rights","07","Grievance mechanisms for workers","1.00","2026-06-20 21:02:38+00"
"07d394a7e9f1d87038af515feb21f116","PT_02152-CSI-2025_A.07","PT_02152","Chery Holding Group","Private",,"300300F08E6VWZVSVM95","CHN","East Asia & Pacific","China","C2910","Motor Vehicles & Parts",,"t",,,"SO","Social","CSI","Social Benchmark","CSI-2025","CSI","Social Benchmark","2025","A","Respecting human rights","07","Grievance mechanisms for workers","0.00","2026-06-20 21:02:38+00"
"5ce4788e5f3fdc6a64faaed848745bd4","PT_01703-CSI-2025_A.07","PT_01703","Suzuki","Public","JP3397200001","353800D83H0V3ZV1SV24","JPN","East Asia & Pacific","Japan","C2910","Motor Vehicles & Parts","t","t","t",,"SO","Social","CSI","Social Benchmark","CSI-2025","CSI","Social Benchmark","2025","A","Respecting human rights","07","Grievance mechanisms for workers","0.00","2026-06-20 21:02:38+00"
"c98f20aef6a60bb05e06f85e8b53afb9","PT_01678-CSI-2025_A.07","PT_01678","Subaru Corporation","Public","JP3814800003","549300N244BVAEE6HH86","JPN","East Asia & Pacific","Japan","C2910","Motor Vehicles & Parts","t","t","t",,"SO","Social","CSI","Social Benchmark","CSI-2025","CSI","Social Benchmark","2025","A","Respecting human rights","07","Grievance mechanisms for workers","0.00","2026-06-20 21:02:38+00"
"b99153903c1aff2ed49037a6b0093bd8","PT_01766-CSI-2025_A.07","PT_01766","Tesla","Public","US88160R1014","54930043XZGB27CTOV49","USA","North America","United States","C2910","Motor Vehicles & Parts","t","t","t",,"SO","Social","CSI","Social Benchmark","CSI-2025","CSI","Social Benchmark","2025","A","Respecting human rights","07","Grievance mechanisms for workers","0.00","2026-06-20 21:02:38+00"
"50ab4396af7c495a8c7369f5f867c2fd","PT_00341-CSI-2025_A.07","PT_00341","Changan Automobile","Public","CNE000000R36","300300WKFSBX9P5ZOM25","CHN","East Asia & Pacific","China","C2910","Motor Vehicles & Parts",,"t",,,"SO","Social","CSI","Social Benchmark","CSI-2025","CSI","Social Benchmark","2025","A","Respecting human rights","07","Grievance mechanisms for workers","0.00","2026-06-20 21:02:38+00"
"c105cdca6d9071467665e80e59da619c","PT_00345-CSI-2025_A.07","PT_00345","Cheng Shin Rubber","Public","TW0002105004","3003006VZBNKJZLNJ718","TWN","East Asia & Pacific","Taiwan, China","C2211","Motor Vehicles & Parts",,,,,"SO","Social","CSI","Social Benchmark","CSI-2025","CSI","Social Benchmark","2025","A","Respecting human rights","07","Grievance mechanisms for workers","0.00","2026-06-20 21:02:38+00"
"75757e81fe349f9b6b72e2fbf9cc3d95","PT_00572-CSI-2025_A.07","PT_00572","Dongfeng Motor Group","Public","CNE100000312","300300XR7ZL54H8GBA06","CHN","East Asia & Pacific","China","C2910","Motor Vehicles & Parts",,"t",,,"SO","Social","CSI","Social Benchmark","CSI-2025","CSI","Social Benchmark","2025","A","Respecting human rights","07","Grievance mechanisms for workers","0.00","2026-06-20 21:02:38+00"
"13131ef144a9d1ddf6a4c3846d98f52f","PT_01168-CSI-2025_A.07","PT_01168","Michelin","Public","FR0000121261","549300SOSI58J6VIW052","FRA","Europe & Central Asia","France","C2211","Motor Vehicles & Parts","t","t","t","t","SO","Social","CSI","Social Benchmark","CSI-2025","CSI","Social Benchmark","2025","A","Respecting human rights","07","Grievance mechanisms for workers","1.00","2026-06-20 21:02:38+00"
"462147cccb489dd97ac7456dee49471d","PT_01139-CSI-2025_A.07","PT_01139","Mazda","Public","JP3868400007","52990044YZJLICDQKK92","JPN","East Asia & Pacific","Japan","C2910","Motor Vehicles & Parts","t","t","t",,"SO","Social","CSI","Social Benchmark","CSI-2025","CSI","Social Benchmark","2025","A","Respecting human rights","07","Grievance mechanisms for workers","1.00","2026-06-20 21:02:38+00"
"e7d27b73db47e75e0773af66816ebb6a","PT_01116-CSI-2025_A.07","PT_01116","Mahindra and Mahindra","Public","INE101A01026","3358003B573EV4KB4Z02","IND","South Asia","India","C2910","Motor Vehicles & Parts",,"t",,,"SO","Social","CSI","Social Benchmark","CSI-2025","CSI","Social Benchmark","2025","A","Respecting human rights","07","Grievance mechanisms for workers","1.00","2026-06-20 21:02:38+00"
"7ae36ee0d7f4efa10de790e278f45e21","PT_00367-CSI-2025_A.07","PT_00367","FAW","Government",,"300300MX7XTA1YIALI60","CHN","East Asia & Pacific","China","C2910","Motor Vehicles & Parts",,"t",,,"SO","Social","CSI","Social Benchmark","CSI-2025","CSI","Social Benchmark","2025","A","Respecting human rights","07","Grievance mechanisms for workers","0.00","2026-06-20 21:02:38+00"
"67c7cd0519055e05f2dbf9a89f65e766","PT_00290-CSI-2025_A.07","PT_00290","BYD","Public","CNE100001526","5299001O3LAFGRPZ3Y63","CHN","East Asia & Pacific","China","C2910","Motor Vehicles & Parts",,"t",,,"SO","Social","CSI","Social Benchmark","CSI-2025","CSI","Social Benchmark","2025","A","Respecting human rights","07","Grievance mechanisms for workers","0.00","2026-06-20 21:02:38+00"
"bcb8cdc8b221c571a17a4b31b6685c97","PT_00261-CSI-2025_A.07","PT_00261","BMW","Public","DE0005190003","YEH5ZCD6E441RHVHD759","DEU","Europe & Central Asia","Germany","C2910","Motor Vehicles & Parts","t","t","t","t","SO","Social","CSI","Social Benchmark","CSI-2025","CSI","Social Benchmark","2025","A","Respecting human rights","07","Grievance mechanisms for workers","1.00","2026-06-20 21:02:38+00"
"83ad55d1fc7f15581b9c437d5cc3c6f9","PT_00236-CSI-2025_A.07","PT_00236","BAIC","Public","CNE100001TJ4","300300X7ND2JNR96BA87","CHN","East Asia & Pacific","China","C2910","Motor Vehicles & Parts",,"t",,,"SO","Social","CSI","Social Benchmark","CSI-2025","CSI","Social Benchmark","2025","A","Respecting human rights","07","Grievance mechanisms for workers","0.00","2026-06-20 21:02:38+00"
"e8cf618421b18431b30b7476b58e1d53","PT_01476-CSI-2025_A.08","PT_01476","Renault","Public","FR0000131906","969500F7JLTX36OUI695","FRA","Europe & Central Asia","France","C2910","Motor Vehicles & Parts","t","t","t","t","SO","Social","CSI","Social Benchmark","CSI-2025","CSI","Social Benchmark","2025","A","Respecting human rights","08","Grievance mechanisms for external individuals and communities","0.00","2026-06-20 21:02:38+00"
"b800469b1cad58eeccc51e3cf8e41507","PT_02151-CSI-2025_A.08","PT_02151","Stellantis","Public","NL00150001Q9","549300LKT9PW7ZIBDF31","NLD","Europe & Central Asia","Netherlands","C2910","Motor Vehicles & Parts","t",,,"t","SO","Social","CSI","Social Benchmark","CSI-2025","CSI","Social Benchmark","2025","A","Respecting human rights","08","Grievance mechanisms for external individuals and communities","0.00","2026-06-20 21:02:38+00"
"644c4c7c83f4f40ec431a1765d566d07","PT_00855-CSI-2025_A.08","PT_00855","Honda Motor","Public","JP3854600008","549300P7ZYCQJ36CCS16","JPN","East Asia & Pacific","Japan","C2910","Motor Vehicles & Parts","t","t","t",,"SO","Social","CSI","Social Benchmark","CSI-2025","CSI","Social Benchmark","2025","A","Respecting human rights","08","Grievance mechanisms for external individuals and communities","0.00","2026-06-20 21:02:38+00"
"c3d5ad67267f445e8c1989688b7bceee","PT_00880-CSI-2025_A.08","PT_00880","Hyundai Motor","Public","KR7005380001","9884004RQX8PRBXQ8S60","KOR","East Asia & Pacific","Korea, Rep.","C2910","Motor Vehicles & Parts","t","t",,,"SO","Social","CSI","Social Benchmark","CSI-2025","CSI","Social Benchmark","2025","A","Respecting human rights","08","Grievance mechanisms for external individuals and communities","0.00","2026-06-20 21:02:38+00"
"ea36fb984a609d3679123c9e56711413","PT_01993-CSI-2025_A.08","PT_01993","Geely Holding","Private",,"549300YS3T1KVQ2SNI84","CHN","East Asia & Pacific","China","C2910","Motor Vehicles & Parts",,"t",,,"SO","Social","CSI","Social Benchmark","CSI-2025","CSI","Social Benchmark","2025","A","Respecting human rights","08","Grievance mechanisms for external individuals and communities","0.00","2026-06-20 21:02:38+00"
"542fc88729165149cd4c8cb118ef2999","PT_02007-CSI-2025_A.08","PT_02007","Volkswagen","Public","DE0007664039","529900NNUPAGGOMPXZ31","DEU","Europe & Central Asia","Germany","C2910","Motor Vehicles & Parts","t","t","t","t","SO","Social","CSI","Social Benchmark","CSI-2025","CSI","Social Benchmark","2025","A","Respecting human rights","08","Grievance mechanisms for external individuals and communities","1.00","2026-06-20 21:02:38+00"
"cdcd042685577c1c6662dd2ea004413f","PT_02038-CSI-2025_A.08","PT_02038","Kia","Public","KR7000270009","988400V8MJK9N7OI5X76","KOR","East Asia & Pacific","Korea, Rep.","C2910","Motor Vehicles & Parts","t","t",,,"SO","Social","CSI","Social Benchmark","CSI-2025","CSI","Social Benchmark","2025","A","Respecting human rights","08","Grievance mechanisms for external individuals and communities","0.00","2026-06-20 21:02:38+00"
"5b33264e0e16e33d51a2cdbe1867cb03","PT_02037-CSI-2025_A.08","PT_02037","JAC Motors","Public","CNE0000018M9","300300KQABCMFKN2E931","CHN","East Asia & Pacific","China","C2910","Motor Vehicles & Parts",,"t",,,"SO","Social","CSI","Social Benchmark","CSI-2025","CSI","Social Benchmark","2025","A","Respecting human rights","08","Grievance mechanisms for external individuals and communities","0.00","2026-06-20 21:02:38+00"
"e0bd542086e2a6e0f8d32272f5cd91fc","PT_00740-CSI-2025_A.08","PT_00740","General Motors","Public","US37045V1008","54930070NSV60J38I987","USA","North America","United States","C2910","Motor Vehicles & Parts","t","t","t",,"SO","Social","CSI","Social Benchmark","CSI-2025","CSI","Social Benchmark","2025","A","Respecting human rights","08","Grievance mechanisms for external individuals and communities","0.00","2026-06-20 21:02:38+00"
"c2c4bca17219e60cacda0902c9f772bf","PT_00763-CSI-2025_A.08","PT_00763","Goodyear Tire & Rubber","Public","US3825501014","5493002BI0S2ZQUY3437","USA","North America","United States","C2211","Motor Vehicles & Parts","t","t","t",,"SO","Social","CSI","Social Benchmark","CSI-2025","CSI","Social Benchmark","2025","A","Respecting human rights","08","Grievance mechanisms for external individuals and communities","1.00","2026-06-20 21:02:38+00"
"f9edd6b5a37d438d01ba2e6f9191533c","PT_02548-CSI-2025_A.08","PT_02548","Mercedes-Benz","Public","DE0007100000","529900R27DL06UVNT076","DEU","Europe & Central Asia","Germany","C2910","Motor Vehicles & Parts","t","t","t","t","SO","Social","CSI","Social Benchmark","CSI-2025","CSI","Social Benchmark","2025","A","Respecting human rights","08","Grievance mechanisms for external individuals and communities","1.00","2026-06-20 21:02:38+00"
"5d25668c05abfe7ad6b28373ffe6f209","PT_00472-CSI-2025_A.08","PT_00472","Continental","Public","DE0005439004","529900A7YD9C0LLXM621","DEU","Europe & Central Asia","Germany","C2211","Motor Vehicles & Parts","t","t","t","t","SO","Social","CSI","Social Benchmark","CSI-2025","CSI","Social Benchmark","2025","A","Respecting human rights","08","Grievance mechanisms for external individuals and communities","1.00","2026-06-20 21:02:38+00"
"c9ca9463c9b06c0d66bab53571f9acc6","PT_00341-CSI-2025_A.08","PT_00341","Changan Automobile","Public","CNE000000R36","300300WKFSBX9P5ZOM25","CHN","East Asia & Pacific","China","C2910","Motor Vehicles & Parts",,"t",,,"SO","Social","CSI","Social Benchmark","CSI-2025","CSI","Social Benchmark","2025","A","Respecting human rights","08","Grievance mechanisms for external individuals and communities","0.00","2026-06-20 21:02:38+00"
"c784d123938ca70d82d41e122b92d64d","PT_00261-CSI-2025_A.08","PT_00261","BMW","Public","DE0005190003","YEH5ZCD6E441RHVHD759","DEU","Europe & Central Asia","Germany","C2910","Motor Vehicles & Parts","t","t","t","t","SO","Social","CSI","Social Benchmark","CSI-2025","CSI","Social Benchmark","2025","A","Respecting human rights","08","Grievance mechanisms for external individuals and communities","1.00","2026-06-20 21:02:38+00"
"0ab3b705dfc5352ddf4330a77423fcfe","PT_00290-CSI-2025_A.08","PT_00290","BYD","Public","CNE100001526","5299001O3LAFGRPZ3Y63","CHN","East Asia & Pacific","China","C2910","Motor Vehicles & Parts",,"t",,,"SO","Social","CSI","Social Benchmark","CSI-2025","CSI","Social Benchmark","2025","A","Respecting human rights","08","Grievance mechanisms for external individuals and communities","0.00","2026-06-20 21:02:38+00"
"6d05ce257796eb4d773e76440bedc377","PT_00367-CSI-2025_A.08","PT_00367","FAW","Government",,"300300MX7XTA1YIALI60","CHN","East Asia & Pacific","China","C2910","Motor Vehicles & Parts",,"t",,,"SO","Social","CSI","Social Benchmark","CSI-2025","CSI","Social Benchmark","2025","A","Respecting human rights","08","Grievance mechanisms for external individuals and communities","0.00","2026-06-20 21:02:38+00"
"3c932da880f239eed7a4fdb0e8244542","PT_00705-CSI-2025_B.09","PT_00705","Ford","Public","US3453708600","20S05OYHG0MQM4VUIC57","USA","North America","United States","C2910","Motor Vehicles & Parts","t","t","t",,"SO","Social","CSI","Social Benchmark","CSI-2025","CSI","Social Benchmark","2025","B","Providing and promoting decent work","09","Health and safety fundamentals","0.50","2026-06-20 21:02:38+00"
"18a4bb9df22292b566ec3475d04bcef3","PT_00804-CSI-2025_B.09","PT_00804","GAC Group","Public","CNE100001NQ2","5299005KY9BJO3ZE6A37","CHN","East Asia & Pacific","China","C2910","Motor Vehicles & Parts",,"t",,,"SO","Social","CSI","Social Benchmark","CSI-2025","CSI","Social Benchmark","2025","B","Providing and promoting decent work","09","Health and safety fundamentals","0.00","2026-06-20 21:02:38+00"
"a2d9bfc73b5775f1ff6f0b01b67db91c","PT_00816-CSI-2025_B.09","PT_00816","Hankook Tire & Technology","Public","KR7161390000","9884001BIEVM09M7AH02","KOR","East Asia & Pacific","Korea, Rep.","C2211","Motor Vehicles & Parts","t","t",,,"SO","Social","CSI","Social Benchmark","CSI-2025","CSI","Social Benchmark","2025","B","Providing and promoting decent work","09","Health and safety fundamentals","0.50","2026-06-20 21:02:38+00"
"76c2ffa60fb25df759858ad4a72b8405","PT_00341-CSI-2025_B.09","PT_00341","Changan Automobile","Public","CNE000000R36","300300WKFSBX9P5ZOM25","CHN","East Asia & Pacific","China","C2910","Motor Vehicles & Parts",,"t",,,"SO","Social","CSI","Social Benchmark","CSI-2025","CSI","Social Benchmark","2025","B","Providing and promoting decent work","09","Health and safety fundamentals","0.00","2026-06-20 21:02:38+00"
"2bb22a2e2109a609cb285b6415fc5dc1","PT_00236-CSI-2025_B.09","PT_00236","BAIC","Public","CNE100001TJ4","300300X7ND2JNR96BA87","CHN","East Asia & Pacific","China","C2910","Motor Vehicles & Parts",,"t",,,"SO","Social","CSI","Social Benchmark","CSI-2025","CSI","Social Benchmark","2025","B","Providing and promoting decent work","09","Health and safety fundamentals","0.00","2026-06-20 21:02:38+00"
"0ef5de72890afb81470d9195ab4c9fb3","PT_01360-CSI-2025_A.08","PT_01360","PACCAR","Public","US6937181088","KDTEY8BWE486IKZ3CC07","USA","North America","United States","C2910","Motor Vehicles & Parts","t","t","t",,"SO","Social","CSI","Social Benchmark","CSI-2025","CSI","Social Benchmark","2025","A","Respecting human rights","08","Grievance mechanisms for external individuals and communities","1.00","2026-06-20 21:02:38+00"
"a7b44cf87e67b851fc3774a74f4f42d8","PT_00341-CSI-2025_A.04","PT_00341","Changan Automobile","Public","CNE000000R36","300300WKFSBX9P5ZOM25","CHN","East Asia & Pacific","China","C2910","Motor Vehicles & Parts",,"t",,,"SO","Social","CSI","Social Benchmark","CSI-2025","CSI","Social Benchmark","2025","A","Respecting human rights","04","Identifying human rights risks and impacts","0.00","2026-06-20 21:02:38+00"
"605da0dd4552f6bb26d6008578f83b02","PT_00880-CSI-2025_B.09","PT_00880","Hyundai Motor","Public","KR7005380001","9884004RQX8PRBXQ8S60","KOR","East Asia & Pacific","Korea, Rep.","C2910","Motor Vehicles & Parts","t","t",,,"SO","Social","CSI","Social Benchmark","CSI-2025","CSI","Social Benchmark","2025","B","Providing and promoting decent work","09","Health and safety fundamentals","0.50","2026-06-20 21:02:38+00"
"6383f5e50b52f5915f2d61226769b04a","PT_02548-CSI-2025_B.09","PT_02548","Mercedes-Benz","Public","DE0007100000","529900R27DL06UVNT076","DEU","Europe & Central Asia","Germany","C2910","Motor Vehicles & Parts","t","t","t","t","SO","Social","CSI","Social Benchmark","CSI-2025","CSI","Social Benchmark","2025","B","Providing and promoting decent work","09","Health and safety fundamentals","0.00","2026-06-20 21:02:38+00"
"8c7a5e58f87689b303ac64776444bfec","PT_02037-CSI-2025_B.09","PT_02037","JAC Motors","Public","CNE0000018M9","300300KQABCMFKN2E931","CHN","East Asia & Pacific","China","C2910","Motor Vehicles & Parts",,"t",,,"SO","Social","CSI","Social Benchmark","CSI-2025","CSI","Social Benchmark","2025","B","Providing and promoting decent work","09","Health and safety fundamentals","0.00","2026-06-20 21:02:38+00"
"bc57b23d94efb8a8a854a1fd0faf4dac","PT_02008-CSI-2025_B.09","PT_02008","Tata Motors","Public","INE155A01022","335800BO2LHWJJ8TZI32","IND","South Asia","India","C2910","Motor Vehicles & Parts",,"t",,,"SO","Social","CSI","Social Benchmark","CSI-2025","CSI","Social Benchmark","2025","B","Providing and promoting decent work","09","Health and safety fundamentals","0.00","2026-06-20 21:02:38+00"
"e1256cda8c7b3c8969f95a41272903d6","PT_02109-CSI-2025_A.06","PT_02109","Volvo","Public","SE0000115446","549300HGV012CNC8JD22","SWE","Europe & Central Asia","Sweden","C2910","Motor Vehicles & Parts","t",,,"t","SO","Social","CSI","Social Benchmark","CSI-2025","CSI","Social Benchmark","2025","A","Respecting human rights","06","Integrating and acting on human rights risk and impact assessments","0.00","2026-06-20 21:02:38+00"
"3420d58a77ad04b840b27e9347dbe075","PT_01168-CSI-2025_A.06","PT_01168","Michelin","Public","FR0000121261","549300SOSI58J6VIW052","FRA","Europe & Central Asia","France","C2211","Motor Vehicles & Parts","t","t","t","t","SO","Social","CSI","Social Benchmark","CSI-2025","CSI","Social Benchmark","2025","A","Respecting human rights","06","Integrating and acting on human rights risk and impact assessments","0.25","2026-06-20 21:02:38+00"
"0e53053192524f0341d106267a0e11d7","PT_01139-CSI-2025_A.06","PT_01139","Mazda","Public","JP3868400007","52990044YZJLICDQKK92","JPN","East Asia & Pacific","Japan","C2910","Motor Vehicles & Parts","t","t","t",,"SO","Social","CSI","Social Benchmark","CSI-2025","CSI","Social Benchmark","2025","A","Respecting human rights","06","Integrating and acting on human rights risk and impact assessments","0.00","2026-06-20 21:02:38+00"
"42c1bf070279802c66e680d2370bed07","PT_01995-CSI-2025_A.06","PT_01995","Zhongce Rubber Group","Private",,"3003009F43G96IGM7906","CHN","East Asia & Pacific","China","C2211","Motor Vehicles & Parts",,"t",,,"SO","Social","CSI","Social Benchmark","CSI-2025","CSI","Social Benchmark","2025","A","Respecting human rights","06","Integrating and acting on human rights risk and impact assessments","0.00","2026-06-20 21:02:38+00"
"1a3f5a0d6d2ca0a14017fc4fe04a8bb2","PT_02008-CSI-2025_A.06","PT_02008","Tata Motors","Public","INE155A01022","335800BO2LHWJJ8TZI32","IND","South Asia","India","C2910","Motor Vehicles & Parts",,"t",,,"SO","Social","CSI","Social Benchmark","CSI-2025","CSI","Social Benchmark","2025","A","Respecting human rights","06","Integrating and acting on human rights risk and impact assessments","0.00","2026-06-20 21:02:38+00"
"5fff4c305f31d9113e6c3e1c7e3a5a6f","PT_02007-CSI-2025_A.06","PT_02007","Volkswagen","Public","DE0007664039","529900NNUPAGGOMPXZ31","DEU","Europe & Central Asia","Germany","C2910","Motor Vehicles & Parts","t","t","t","t","SO","Social","CSI","Social Benchmark","CSI-2025","CSI","Social Benchmark","2025","A","Respecting human rights","06","Integrating and acting on human rights risk and impact assessments","0.25","2026-06-20 21:02:38+00"
"fddbedacd16f51661eaebe48fb327f15","PT_01476-CSI-2025_A.06","PT_01476","Renault","Public","FR0000131906","969500F7JLTX36OUI695","FRA","Europe & Central Asia","France","C2910","Motor Vehicles & Parts","t","t","t","t","SO","Social","CSI","Social Benchmark","CSI-2025","CSI","Social Benchmark","2025","A","Respecting human rights","06","Integrating and acting on human rights risk and impact assessments","0.75","2026-06-20 21:02:38+00"
"05ac6d39cf2408bf0a90d4137f44220f","PT_01518-CSI-2025_A.06","PT_01518","SAIC Motor","Public","CNE000000TY6","30030001QBC7EXJJGT71","CHN","East Asia & Pacific","China","C2910","Motor Vehicles & Parts",,"t",,,"SO","Social","CSI","Social Benchmark","CSI-2025","CSI","Social Benchmark","2025","A","Respecting human rights","06","Integrating and acting on human rights risk and impact assessments","0.00","2026-06-20 21:02:38+00"
"7972c5aeeac44b3af79d78778bdf5307","PT_01511-CSI-2025_A.06","PT_01511","Ryder System","Public","US7835491082","ZXJ6Y2OSPZXIVGRILD15","USA","North America","United States","N7710","Motor Vehicles & Parts","t","t","t",,"SO","Social","CSI","Social Benchmark","CSI-2025","CSI","Social Benchmark","2025","A","Respecting human rights","06","Integrating and acting on human rights risk and impact assessments","0.00","2026-06-20 21:02:38+00"
"9047b5ec71afc52375a1f85660af0631","PT_00855-CSI-2025_A.07","PT_00855","Honda Motor","Public","JP3854600008","549300P7ZYCQJ36CCS16","JPN","East Asia & Pacific","Japan","C2910","Motor Vehicles & Parts","t","t","t",,"SO","Social","CSI","Social Benchmark","CSI-2025","CSI","Social Benchmark","2025","A","Respecting human rights","07","Grievance mechanisms for workers","0.00","2026-06-20 21:02:38+00"
"e70b265b3513555e9778508e3a2a2b16","PT_01812-CSI-2025_A.07","PT_01812","Toyota","Public","JP3633400001","5493006W3QUS5LMH6R84","JPN","East Asia & Pacific","Japan","C2910","Motor Vehicles & Parts","t","t","t",,"SO","Social","CSI","Social Benchmark","CSI-2025","CSI","Social Benchmark","2025","A","Respecting human rights","07","Grievance mechanisms for workers","1.00","2026-06-20 21:02:38+00"
"eaa8a5e06a4a0eb859fedac2aba9ba9a","PT_02727-CSI-2025_A.07","PT_02727","Scania","Private",,"52990000AKKX75BMWB43","SWE","Europe & Central Asia","Sweden","C2910","Motor Vehicles & Parts","t",,,"t","SO","Social","CSI","Social Benchmark","CSI-2025","CSI","Social Benchmark","2025","A","Respecting human rights","07","Grievance mechanisms for workers","1.00","2026-06-20 21:02:38+00"
"4f59088806c1b59edb8381c09a370a71","PT_02726-CSI-2025_A.07","PT_02726","Daimler Truck","Public","DE000DTR0CK8","529900PW78JIYOUBSR24","DEU","Europe & Central Asia","Germany","C2910","Motor Vehicles & Parts","t","t","t","t","SO","Social","CSI","Social Benchmark","CSI-2025","CSI","Social Benchmark","2025","A","Respecting human rights","07","Grievance mechanisms for workers","1.00","2026-06-20 21:02:38+00"
"c48e4da87ea8e5e43dc544d78d9ac803","PT_00472-CSI-2025_A.07","PT_00472","Continental","Public","DE0005439004","529900A7YD9C0LLXM621","DEU","Europe & Central Asia","Germany","C2211","Motor Vehicles & Parts","t","t","t","t","SO","Social","CSI","Social Benchmark","CSI-2025","CSI","Social Benchmark","2025","A","Respecting human rights","07","Grievance mechanisms for workers","1.00","2026-06-20 21:02:38+00"
"7ab9899481856c1524811f2976b31ebc","PT_01409-CSI-2025_A.07","PT_01409","Pirelli & C","Public","IT0005278236","815600A0C9AFC1F2A709","ITA","Europe & Central Asia","Italy","C2211","Motor Vehicles & Parts","t","t","t","t","SO","Social","CSI","Social Benchmark","CSI-2025","CSI","Social Benchmark","2025","A","Respecting human rights","07","Grievance mechanisms for workers","1.00","2026-06-20 21:02:38+00"
"ab0f0908ea1893077bafa67032667fd0","PT_01993-CSI-2025_A.07","PT_01993","Geely Holding","Private",,"549300YS3T1KVQ2SNI84","CHN","East Asia & Pacific","China","C2910","Motor Vehicles & Parts",,"t",,,"SO","Social","CSI","Social Benchmark","CSI-2025","CSI","Social Benchmark","2025","A","Respecting human rights","07","Grievance mechanisms for workers","0.00","2026-06-20 21:02:38+00"
"42c438fa5559fcd01cdd906e49d82d1c","PT_02007-CSI-2025_A.07","PT_02007","Volkswagen","Public","DE0007664039","529900NNUPAGGOMPXZ31","DEU","Europe & Central Asia","Germany","C2910","Motor Vehicles & Parts","t","t","t","t","SO","Social","CSI","Social Benchmark","CSI-2025","CSI","Social Benchmark","2025","A","Respecting human rights","07","Grievance mechanisms for workers","1.00","2026-06-20 21:02:38+00"
"f82a580e410bf9f3e65f21b8ffdccfb3","PT_02037-CSI-2025_A.07","PT_02037","JAC Motors","Public","CNE0000018M9","300300KQABCMFKN2E931","CHN","East Asia & Pacific","China","C2910","Motor Vehicles & Parts",,"t",,,"SO","Social","CSI","Social Benchmark","CSI-2025","CSI","Social Benchmark","2025","A","Respecting human rights","07","Grievance mechanisms for workers","0.00","2026-06-20 21:02:38+00"
"1fedb6e3be25be20b09301efda38eb9f","PT_01703-CSI-2025_A.08","PT_01703","Suzuki","Public","JP3397200001","353800D83H0V3ZV1SV24","JPN","East Asia & Pacific","Japan","C2910","Motor Vehicles & Parts","t","t","t",,"SO","Social","CSI","Social Benchmark","CSI-2025","CSI","Social Benchmark","2025","A","Respecting human rights","08","Grievance mechanisms for external individuals and communities","0.00","2026-06-20 21:02:38+00"
"0ba59b3cebdb2e49f384492a7f280119","PT_00275-CSI-2025_A.07","PT_00275","Bridgestone","Public","JP3830800003","549300DHPOF90OYYD780","JPN","East Asia & Pacific","Japan","C2211","Motor Vehicles & Parts","t","t","t",,"SO","Social","CSI","Social Benchmark","CSI-2025","CSI","Social Benchmark","2025","A","Respecting human rights","07","Grievance mechanisms for workers","1.00","2026-06-20 21:02:38+00"
"a884628142958542758dfb033a18ca0d","PT_02038-CSI-2025_A.07","PT_02038","Kia","Public","KR7000270009","988400V8MJK9N7OI5X76","KOR","East Asia & Pacific","Korea, Rep.","C2910","Motor Vehicles & Parts","t","t",,,"SO","Social","CSI","Social Benchmark","CSI-2025","CSI","Social Benchmark","2025","A","Respecting human rights","07","Grievance mechanisms for workers","0.00","2026-06-20 21:02:38+00"
"4e8a972e5b87d30f07937abe010746b8","PT_01978-CSI-2025_A.07","PT_01978","Yokohama Rubber","Public","JP3955800002","52990036XNWY2FMYWB76","JPN","East Asia & Pacific","Japan","C2211","Motor Vehicles & Parts","t","t","t",,"SO","Social","CSI","Social Benchmark","CSI-2025","CSI","Social Benchmark","2025","A","Respecting human rights","07","Grievance mechanisms for workers","1.00","2026-06-20 21:02:38+00"
"add32ba9c026b6e0952f5829fa887f2e","PT_02008-CSI-2025_A.07","PT_02008","Tata Motors","Public","INE155A01022","335800BO2LHWJJ8TZI32","IND","South Asia","India","C2910","Motor Vehicles & Parts",,"t",,,"SO","Social","CSI","Social Benchmark","CSI-2025","CSI","Social Benchmark","2025","A","Respecting human rights","07","Grievance mechanisms for workers","1.00","2026-06-20 21:02:38+00"
"046142776422df5f45686fe29d03026a","PT_01678-CSI-2025_A.08","PT_01678","Subaru Corporation","Public","JP3814800003","549300N244BVAEE6HH86","JPN","East Asia & Pacific","Japan","C2910","Motor Vehicles & Parts","t","t","t",,"SO","Social","CSI","Social Benchmark","CSI-2025","CSI","Social Benchmark","2025","A","Respecting human rights","08","Grievance mechanisms for external individuals and communities","0.00","2026-06-20 21:02:38+00"
"7033c3e5e8e42d83bf908b88394d6f35","PT_01812-CSI-2025_A.08","PT_01812","Toyota","Public","JP3633400001","5493006W3QUS5LMH6R84","JPN","East Asia & Pacific","Japan","C2910","Motor Vehicles & Parts","t","t","t",,"SO","Social","CSI","Social Benchmark","CSI-2025","CSI","Social Benchmark","2025","A","Respecting human rights","08","Grievance mechanisms for external individuals and communities","1.00","2026-06-20 21:02:38+00"
"de0a9dcb1697dd122058de176f0dac5e","PT_01518-CSI-2025_A.08","PT_01518","SAIC Motor","Public","CNE000000TY6","30030001QBC7EXJJGT71","CHN","East Asia & Pacific","China","C2910","Motor Vehicles & Parts",,"t",,,"SO","Social","CSI","Social Benchmark","CSI-2025","CSI","Social Benchmark","2025","A","Respecting human rights","08","Grievance mechanisms for external individuals and communities","0.00","2026-06-20 21:02:38+00"
"822d43979d289dc850862fa2e3464959","PT_01116-CSI-2025_A.08","PT_01116","Mahindra and Mahindra","Public","INE101A01026","3358003B573EV4KB4Z02","IND","South Asia","India","C2910","Motor Vehicles & Parts",,"t",,,"SO","Social","CSI","Social Benchmark","CSI-2025","CSI","Social Benchmark","2025","A","Respecting human rights","08","Grievance mechanisms for external individuals and communities","1.00","2026-06-20 21:02:38+00"
"1f3b98a49de3bbc4b621b13162f1092d","PT_00816-CSI-2025_A.08","PT_00816","Hankook Tire & Technology","Public","KR7161390000","9884001BIEVM09M7AH02","KOR","East Asia & Pacific","Korea, Rep.","C2211","Motor Vehicles & Parts","t","t",,,"SO","Social","CSI","Social Benchmark","CSI-2025","CSI","Social Benchmark","2025","A","Respecting human rights","08","Grievance mechanisms for external individuals and communities","0.00","2026-06-20 21:02:38+00"
"71d4c1a4e7df033059a260085ddec62f","PT_01280-CSI-2025_A.08","PT_01280","Nissan Motor","Public","JP3672400003","353800DRBDH1LUTNAY26","JPN","East Asia & Pacific","Japan","C2910","Motor Vehicles & Parts","t","t","t",,"SO","Social","CSI","Social Benchmark","CSI-2025","CSI","Social Benchmark","2025","A","Respecting human rights","08","Grievance mechanisms for external individuals and communities","0.00","2026-06-20 21:02:38+00"
"3c23bfdd849bcda84843212e2e1bd388","PT_01409-CSI-2025_A.08","PT_01409","Pirelli & C","Public","IT0005278236","815600A0C9AFC1F2A709","ITA","Europe & Central Asia","Italy","C2211","Motor Vehicles & Parts","t","t","t","t","SO","Social","CSI","Social Benchmark","CSI-2025","CSI","Social Benchmark","2025","A","Respecting human rights","08","Grievance mechanisms for external individuals and communities","1.00","2026-06-20 21:02:38+00"
"0a844979e65cee6997d5a6544d6b6700","PT_00345-CSI-2025_A.08","PT_00345","Cheng Shin Rubber","Public","TW0002105004","3003006VZBNKJZLNJ718","TWN","East Asia & Pacific","Taiwan, China","C2211","Motor Vehicles & Parts",,,,,"SO","Social","CSI","Social Benchmark","CSI-2025","CSI","Social Benchmark","2025","A","Respecting human rights","08","Grievance mechanisms for external individuals and communities","0.00","2026-06-20 21:02:38+00"
"dc50b4855690c9612ad8236a2999db48","PT_00236-CSI-2025_A.08","PT_00236","BAIC","Public","CNE100001TJ4","300300X7ND2JNR96BA87","CHN","East Asia & Pacific","China","C2910","Motor Vehicles & Parts",,"t",,,"SO","Social","CSI","Social Benchmark","CSI-2025","CSI","Social Benchmark","2025","A","Respecting human rights","08","Grievance mechanisms for external individuals and communities","0.00","2026-06-20 21:02:38+00"
"f022eba97c37793548d92b30d940cc93","PT_00367-CSI-2025_B.09","PT_00367","FAW","Government",,"300300MX7XTA1YIALI60","CHN","East Asia & Pacific","China","C2910","Motor Vehicles & Parts",,"t",,,"SO","Social","CSI","Social Benchmark","CSI-2025","CSI","Social Benchmark","2025","B","Providing and promoting decent work","09","Health and safety fundamentals","0.00","2026-06-20 21:02:38+00"
"24df836ca0f73d738660cf92e476d76e","PT_00345-CSI-2025_B.09","PT_00345","Cheng Shin Rubber","Public","TW0002105004","3003006VZBNKJZLNJ718","TWN","East Asia & Pacific","Taiwan, China","C2211","Motor Vehicles & Parts",,,,,"SO","Social","CSI","Social Benchmark","CSI-2025","CSI","Social Benchmark","2025","B","Providing and promoting decent work","09","Health and safety fundamentals","0.00","2026-06-20 21:02:38+00"
"acea8ee5c99c3f81383eff8ed29065b0","PT_01812-CSI-2025_B.09","PT_01812","Toyota","Public","JP3633400001","5493006W3QUS5LMH6R84","JPN","East Asia & Pacific","Japan","C2910","Motor Vehicles & Parts","t","t","t",,"SO","Social","CSI","Social Benchmark","CSI-2025","CSI","Social Benchmark","2025","B","Providing and promoting decent work","09","Health and safety fundamentals","0.50","2026-06-20 21:02:38+00"
"d6b729d2e5813a34957d7ea59b1c2afe","PT_01703-CSI-2025_B.09","PT_01703","Suzuki","Public","JP3397200001","353800D83H0V3ZV1SV24","JPN","East Asia & Pacific","Japan","C2910","Motor Vehicles & Parts","t","t","t",,"SO","Social","CSI","Social Benchmark","CSI-2025","CSI","Social Benchmark","2025","B","Providing and promoting decent work","09","Health and safety fundamentals","0.00","2026-06-20 21:02:38+00"
"6c229cc57f8eb5c4bb6318762fcabccd","PT_01476-CSI-2025_B.09","PT_01476","Renault","Public","FR0000131906","969500F7JLTX36OUI695","FRA","Europe & Central Asia","France","C2910","Motor Vehicles & Parts","t","t","t","t","SO","Social","CSI","Social Benchmark","CSI-2025","CSI","Social Benchmark","2025","B","Providing and promoting decent work","09","Health and safety fundamentals","0.00","2026-06-20 21:02:38+00"
"68c377362ee05597c3dab691b6672829","PT_01511-CSI-2025_B.09","PT_01511","Ryder System","Public","US7835491082","ZXJ6Y2OSPZXIVGRILD15","USA","North America","United States","N7710","Motor Vehicles & Parts","t","t","t",,"SO","Social","CSI","Social Benchmark","CSI-2025","CSI","Social Benchmark","2025","B","Providing and promoting decent work","09","Health and safety fundamentals","0.00","2026-06-20 21:02:38+00"
"4dac83ecc8269d30b88945a16ecf51f3","PT_01518-CSI-2025_B.09","PT_01518","SAIC Motor","Public","CNE000000TY6","30030001QBC7EXJJGT71","CHN","East Asia & Pacific","China","C2910","Motor Vehicles & Parts",,"t",,,"SO","Social","CSI","Social Benchmark","CSI-2025","CSI","Social Benchmark","2025","B","Providing and promoting decent work","09","Health and safety fundamentals","0.00","2026-06-20 21:02:38+00"
"9c4b02d6007a701f9a005dfaa4081c4e","PT_02109-CSI-2025_B.09","PT_02109","Volvo","Public","SE0000115446","549300HGV012CNC8JD22","SWE","Europe & Central Asia","Sweden","C2910","Motor Vehicles & Parts","t",,,"t","SO","Social","CSI","Social Benchmark","CSI-2025","CSI","Social Benchmark","2025","B","Providing and promoting decent work","09","Health and safety fundamentals","0.00","2026-06-20 21:02:38+00"
"af6db9268ad833b6af739e6a8bbf8051","PT_01409-CSI-2025_B.09","PT_01409","Pirelli & C","Public","IT0005278236","815600A0C9AFC1F2A709","ITA","Europe & Central Asia","Italy","C2211","Motor Vehicles & Parts","t","t","t","t","SO","Social","CSI","Social Benchmark","CSI-2025","CSI","Social Benchmark","2025","B","Providing and promoting decent work","09","Health and safety fundamentals","0.50","2026-06-20 21:02:38+00"
"b8ade2367ea0da3356b75da4789b6360","PT_02038-CSI-2025_B.09","PT_02038","Kia","Public","KR7000270009","988400V8MJK9N7OI5X76","KOR","East Asia & Pacific","Korea, Rep.","C2910","Motor Vehicles & Parts","t","t",,,"SO","Social","CSI","Social Benchmark","CSI-2025","CSI","Social Benchmark","2025","B","Providing and promoting decent work","09","Health and safety fundamentals","0.50","2026-06-20 21:02:38+00"
"6842741b8b5aadef6ec2d9d5a4a978e1","PT_02009-CSI-2025_B.09","PT_02009","Mitsubishi Motors Corporation","Public","JP3899800001","5299006ZTN6MO1N5BR16","JPN","East Asia & Pacific","Japan","C2910","Motor Vehicles & Parts","t","t","t",,"SO","Social","CSI","Social Benchmark","CSI-2025","CSI","Social Benchmark","2025","B","Providing and promoting decent work","09","Health and safety fundamentals","0.00","2026-06-20 21:02:38+00"
"94db60bb12dc5c6b6aa585c42fc5e688","PT_01993-CSI-2025_B.09","PT_01993","Geely Holding","Private",,"549300YS3T1KVQ2SNI84","CHN","East Asia & Pacific","China","C2910","Motor Vehicles & Parts",,"t",,,"SO","Social","CSI","Social Benchmark","CSI-2025","CSI","Social Benchmark","2025","B","Providing and promoting decent work","09","Health and safety fundamentals","0.50","2026-06-20 21:02:38+00"
"1f634b2d57d69a675c60b9b05258dc7b","PT_01995-CSI-2025_B.09","PT_01995","Zhongce Rubber Group","Private",,"3003009F43G96IGM7906","CHN","East Asia & Pacific","China","C2211","Motor Vehicles & Parts",,"t",,,"SO","Social","CSI","Social Benchmark","CSI-2025","CSI","Social Benchmark","2025","B","Providing and promoting decent work","09","Health and safety fundamentals","0.00","2026-06-20 21:02:38+00"
"2dc84a4ff3a692b37c2b5462ee9a43a4","PT_01978-CSI-2025_B.09","PT_01978","Yokohama Rubber","Public","JP3955800002","52990036XNWY2FMYWB76","JPN","East Asia & Pacific","Japan","C2211","Motor Vehicles & Parts","t","t","t",,"SO","Social","CSI","Social Benchmark","CSI-2025","CSI","Social Benchmark","2025","B","Providing and promoting decent work","09","Health and safety fundamentals","0.00","2026-06-20 21:02:38+00"
"4e084a7d0d08f7ef0942847fea694be3","PT_00572-CSI-2025_B.09","PT_00572","Dongfeng Motor Group","Public","CNE100000312","300300XR7ZL54H8GBA06","CHN","East Asia & Pacific","China","C2910","Motor Vehicles & Parts",,"t",,,"SO","Social","CSI","Social Benchmark","CSI-2025","CSI","Social Benchmark","2025","B","Providing and promoting decent work","09","Health and safety fundamentals","0.00","2026-06-20 21:02:38+00"
"fbb48b08dd70164f687c9c6c4ea4afa0","PT_02726-CSI-2025_B.10","PT_02726","Daimler Truck","Public","DE000DTR0CK8","529900PW78JIYOUBSR24","DEU","Europe & Central Asia","Germany","C2910","Motor Vehicles & Parts","t","t","t","t","SO","Social","CSI","Social Benchmark","CSI-2025","CSI","Social Benchmark","2025","B","Providing and promoting decent work","10","Living wage fundamentals","0.00","2026-06-20 21:02:38+00"
"1991601f5585d8bc7e64db8ffe49b44e","PT_02727-CSI-2025_B.10","PT_02727","Scania","Private",,"52990000AKKX75BMWB43","SWE","Europe & Central Asia","Sweden","C2910","Motor Vehicles & Parts","t",,,"t","SO","Social","CSI","Social Benchmark","CSI-2025","CSI","Social Benchmark","2025","B","Providing and promoting decent work","10","Living wage fundamentals","0.00","2026-06-20 21:02:38+00"
"3df0da33cf565b4ad14a87a1b92121e9","PT_01409-CSI-2025_B.10","PT_01409","Pirelli & C","Public","IT0005278236","815600A0C9AFC1F2A709","ITA","Europe & Central Asia","Italy","C2211","Motor Vehicles & Parts","t","t","t","t","SO","Social","CSI","Social Benchmark","CSI-2025","CSI","Social Benchmark","2025","B","Providing and promoting decent work","10","Living wage fundamentals","0.00","2026-06-20 21:02:38+00"
"8265cfa064e4d097a9f25cbaaa1cfb87","PT_01678-CSI-2025_B.10","PT_01678","Subaru Corporation","Public","JP3814800003","549300N244BVAEE6HH86","JPN","East Asia & Pacific","Japan","C2910","Motor Vehicles & Parts","t","t","t",,"SO","Social","CSI","Social Benchmark","CSI-2025","CSI","Social Benchmark","2025","B","Providing and promoting decent work","10","Living wage fundamentals","0.00","2026-06-20 21:02:38+00"
"cfe0fa8c51574a36de5fdbbab1418a8b","PT_01766-CSI-2025_B.10","PT_01766","Tesla","Public","US88160R1014","54930043XZGB27CTOV49","USA","North America","United States","C2910","Motor Vehicles & Parts","t","t","t",,"SO","Social","CSI","Social Benchmark","CSI-2025","CSI","Social Benchmark","2025","B","Providing and promoting decent work","10","Living wage fundamentals","0.00","2026-06-20 21:02:38+00"
"47578fc934c68da19e7d7b279712b014","PT_02009-CSI-2025_B.10","PT_02009","Mitsubishi Motors Corporation","Public","JP3899800001","5299006ZTN6MO1N5BR16","JPN","East Asia & Pacific","Japan","C2910","Motor Vehicles & Parts","t","t","t",,"SO","Social","CSI","Social Benchmark","CSI-2025","CSI","Social Benchmark","2025","B","Providing and promoting decent work","10","Living wage fundamentals","0.00","2026-06-20 21:02:38+00"
"ae807105cb7ce78b160495c37fb97fe8","PT_01993-CSI-2025_B.10","PT_01993","Geely Holding","Private",,"549300YS3T1KVQ2SNI84","CHN","East Asia & Pacific","China","C2910","Motor Vehicles & Parts",,"t",,,"SO","Social","CSI","Social Benchmark","CSI-2025","CSI","Social Benchmark","2025","B","Providing and promoting decent work","10","Living wage fundamentals","0.00","2026-06-20 21:02:38+00"
"76fa36d49c9c42203bf2d86e5305d648","PT_00572-CSI-2025_B.10","PT_00572","Dongfeng Motor Group","Public","CNE100000312","300300XR7ZL54H8GBA06","CHN","East Asia & Pacific","China","C2910","Motor Vehicles & Parts",,"t",,,"SO","Social","CSI","Social Benchmark","CSI-2025","CSI","Social Benchmark","2025","B","Providing and promoting decent work","10","Living wage fundamentals","0.00","2026-06-20 21:02:38+00"
"e29758794a6bd91a76f86c4a8d264a7e","PT_00367-CSI-2025_A.04","PT_00367","FAW","Government",,"300300MX7XTA1YIALI60","CHN","East Asia & Pacific","China","C2910","Motor Vehicles & Parts",,"t",,,"SO","Social","CSI","Social Benchmark","CSI-2025","CSI","Social Benchmark","2025","A","Respecting human rights","04","Identifying human rights risks and impacts","0.00","2026-06-20 21:02:38+00"
"18e21367c6685facbad202166344c5a5","PT_01168-CSI-2025_B.10","PT_01168","Michelin","Public","FR0000121261","549300SOSI58J6VIW052","FRA","Europe & Central Asia","France","C2211","Motor Vehicles & Parts","t","t","t","t","SO","Social","CSI","Social Benchmark","CSI-2025","CSI","Social Benchmark","2025","B","Providing and promoting decent work","10","Living wage fundamentals","0.50","2026-06-20 21:02:38+00"
"2bfa25c2e53388dd383ed0ec0163a630","PT_02548-CSI-2025_B.11","PT_02548","Mercedes-Benz","Public","DE0007100000","529900R27DL06UVNT076","DEU","Europe & Central Asia","Germany","C2910","Motor Vehicles & Parts","t","t","t","t","SO","Social","CSI","Social Benchmark","CSI-2025","CSI","Social Benchmark","2025","B","Providing and promoting decent work","11","Working hours fundamentals","0.00","2026-06-20 21:02:38+00"
"e0f26d910b5ab60fb4319529c491b9aa","PT_00261-CSI-2025_B.11","PT_00261","BMW","Public","DE0005190003","YEH5ZCD6E441RHVHD759","DEU","Europe & Central Asia","Germany","C2910","Motor Vehicles & Parts","t","t","t","t","SO","Social","CSI","Social Benchmark","CSI-2025","CSI","Social Benchmark","2025","B","Providing and promoting decent work","11","Working hours fundamentals","0.00","2026-06-20 21:02:38+00"
"2bcdcc9e72a332c8c833b869e23fa810","PT_00740-CSI-2025_B.11","PT_00740","General Motors","Public","US37045V1008","54930070NSV60J38I987","USA","North America","United States","C2910","Motor Vehicles & Parts","t","t","t",,"SO","Social","CSI","Social Benchmark","CSI-2025","CSI","Social Benchmark","2025","B","Providing and promoting decent work","11","Working hours fundamentals","0.00","2026-06-20 21:02:38+00"
"3afa0d9b917975ffc4f1343af81ecaa7","PT_02038-CSI-2025_B.11","PT_02038","Kia","Public","KR7000270009","988400V8MJK9N7OI5X76","KOR","East Asia & Pacific","Korea, Rep.","C2910","Motor Vehicles & Parts","t","t",,,"SO","Social","CSI","Social Benchmark","CSI-2025","CSI","Social Benchmark","2025","B","Providing and promoting decent work","11","Working hours fundamentals","0.00","2026-06-20 21:02:38+00"
"167fe87e5eb9cb0799013b3bb1f4e1f1","PT_01993-CSI-2025_B.11","PT_01993","Geely Holding","Private",,"549300YS3T1KVQ2SNI84","CHN","East Asia & Pacific","China","C2910","Motor Vehicles & Parts",,"t",,,"SO","Social","CSI","Social Benchmark","CSI-2025","CSI","Social Benchmark","2025","B","Providing and promoting decent work","11","Working hours fundamentals","0.00","2026-06-20 21:02:38+00"
"54528b16cb2c0b0c2ad5886aff547608","PT_01978-CSI-2025_B.11","PT_01978","Yokohama Rubber","Public","JP3955800002","52990036XNWY2FMYWB76","JPN","East Asia & Pacific","Japan","C2211","Motor Vehicles & Parts","t","t","t",,"SO","Social","CSI","Social Benchmark","CSI-2025","CSI","Social Benchmark","2025","B","Providing and promoting decent work","11","Working hours fundamentals","0.00","2026-06-20 21:02:38+00"
"3fd00b1eec4e48d8ff31a1b766afce36","PT_01116-CSI-2025_B.11","PT_01116","Mahindra and Mahindra","Public","INE101A01026","3358003B573EV4KB4Z02","IND","South Asia","India","C2910","Motor Vehicles & Parts",,"t",,,"SO","Social","CSI","Social Benchmark","CSI-2025","CSI","Social Benchmark","2025","B","Providing and promoting decent work","11","Working hours fundamentals","0.00","2026-06-20 21:02:38+00"
"67853c1dc253503b976a5f1d443bece3","PT_01812-CSI-2025_B.11","PT_01812","Toyota","Public","JP3633400001","5493006W3QUS5LMH6R84","JPN","East Asia & Pacific","Japan","C2910","Motor Vehicles & Parts","t","t","t",,"SO","Social","CSI","Social Benchmark","CSI-2025","CSI","Social Benchmark","2025","B","Providing and promoting decent work","11","Working hours fundamentals","0.00","2026-06-20 21:02:38+00"
"88a084dafbc52c7f9fe9ca41cc19fe75","PT_01409-CSI-2025_B.11","PT_01409","Pirelli & C","Public","IT0005278236","815600A0C9AFC1F2A709","ITA","Europe & Central Asia","Italy","C2211","Motor Vehicles & Parts","t","t","t","t","SO","Social","CSI","Social Benchmark","CSI-2025","CSI","Social Benchmark","2025","B","Providing and promoting decent work","11","Working hours fundamentals","0.33","2026-06-20 21:02:38+00"
"9d8938bf8188beeff758bdad0c52e99d","PT_00236-CSI-2025_B.12","PT_00236","BAIC","Public","CNE100001TJ4","300300X7ND2JNR96BA87","CHN","East Asia & Pacific","China","C2910","Motor Vehicles & Parts",,"t",,,"SO","Social","CSI","Social Benchmark","CSI-2025","CSI","Social Benchmark","2025","B","Providing and promoting decent work","12","Collective bargaining fundamentals","0.00","2026-06-20 21:02:38+00"
"beca28dbefccf8d4d2b94ed8c354e5f0","PT_00367-CSI-2025_B.12","PT_00367","FAW","Government",,"300300MX7XTA1YIALI60","CHN","East Asia & Pacific","China","C2910","Motor Vehicles & Parts",,"t",,,"SO","Social","CSI","Social Benchmark","CSI-2025","CSI","Social Benchmark","2025","B","Providing and promoting decent work","12","Collective bargaining fundamentals","0.00","2026-06-20 21:02:38+00"
"054c5e4ab1b5bdded6ff146f46afaaee","PT_00290-CSI-2025_B.09","PT_00290","BYD","Public","CNE100001526","5299001O3LAFGRPZ3Y63","CHN","East Asia & Pacific","China","C2910","Motor Vehicles & Parts",,"t",,,"SO","Social","CSI","Social Benchmark","CSI-2025","CSI","Social Benchmark","2025","B","Providing and promoting decent work","09","Health and safety fundamentals","0.00","2026-06-20 21:02:38+00"
"b5e74d029cfac86f9cda162ceb470567","PT_00261-CSI-2025_B.09","PT_00261","BMW","Public","DE0005190003","YEH5ZCD6E441RHVHD759","DEU","Europe & Central Asia","Germany","C2910","Motor Vehicles & Parts","t","t","t","t","SO","Social","CSI","Social Benchmark","CSI-2025","CSI","Social Benchmark","2025","B","Providing and promoting decent work","09","Health and safety fundamentals","0.50","2026-06-20 21:02:38+00"
"c0ba7426e3a28dce93d0da0a8a4f8ef1","PT_00275-CSI-2025_B.09","PT_00275","Bridgestone","Public","JP3830800003","549300DHPOF90OYYD780","JPN","East Asia & Pacific","Japan","C2211","Motor Vehicles & Parts","t","t","t",,"SO","Social","CSI","Social Benchmark","CSI-2025","CSI","Social Benchmark","2025","B","Providing and promoting decent work","09","Health and safety fundamentals","0.50","2026-06-20 21:02:38+00"
"7634766892bb5eef64059f0440011d38","PT_01678-CSI-2025_B.09","PT_01678","Subaru Corporation","Public","JP3814800003","549300N244BVAEE6HH86","JPN","East Asia & Pacific","Japan","C2910","Motor Vehicles & Parts","t","t","t",,"SO","Social","CSI","Social Benchmark","CSI-2025","CSI","Social Benchmark","2025","B","Providing and promoting decent work","09","Health and safety fundamentals","0.00","2026-06-20 21:02:38+00"
"2d2e559fb530ec7297f97dce48bd8b91","PT_00771-CSI-2025_B.09","PT_00771","Great Wall Motor Company","Public","CNE1000018V8","5299002PZDL54CMG5I32","CHN","East Asia & Pacific","China","C2910","Motor Vehicles & Parts",,"t",,,"SO","Social","CSI","Social Benchmark","CSI-2025","CSI","Social Benchmark","2025","B","Providing and promoting decent work","09","Health and safety fundamentals","0.00","2026-06-20 21:02:38+00"
"aa628de1ca7d59abdcc7b0787d50773f","PT_00740-CSI-2025_B.09","PT_00740","General Motors","Public","US37045V1008","54930070NSV60J38I987","USA","North America","United States","C2910","Motor Vehicles & Parts","t","t","t",,"SO","Social","CSI","Social Benchmark","CSI-2025","CSI","Social Benchmark","2025","B","Providing and promoting decent work","09","Health and safety fundamentals","0.00","2026-06-20 21:02:38+00"
"8831438740088c2242327e29d5f9213f","PT_00763-CSI-2025_B.09","PT_00763","Goodyear Tire & Rubber","Public","US3825501014","5493002BI0S2ZQUY3437","USA","North America","United States","C2211","Motor Vehicles & Parts","t","t","t",,"SO","Social","CSI","Social Benchmark","CSI-2025","CSI","Social Benchmark","2025","B","Providing and promoting decent work","09","Health and safety fundamentals","0.00","2026-06-20 21:02:38+00"
"1f9b8844467b25d7a51e19ada20a45d7","PT_00855-CSI-2025_B.09","PT_00855","Honda Motor","Public","JP3854600008","549300P7ZYCQJ36CCS16","JPN","East Asia & Pacific","Japan","C2910","Motor Vehicles & Parts","t","t","t",,"SO","Social","CSI","Social Benchmark","CSI-2025","CSI","Social Benchmark","2025","B","Providing and promoting decent work","09","Health and safety fundamentals","0.00","2026-06-20 21:02:38+00"
"b5c5198cd8516bb04b2f0f15d08db524","PT_01766-CSI-2025_B.09","PT_01766","Tesla","Public","US88160R1014","54930043XZGB27CTOV49","USA","North America","United States","C2910","Motor Vehicles & Parts","t","t","t",,"SO","Social","CSI","Social Benchmark","CSI-2025","CSI","Social Benchmark","2025","B","Providing and promoting decent work","09","Health and safety fundamentals","0.00","2026-06-20 21:02:38+00"
"57873284aa56a91a67b073192bb0e6b6","PT_02152-CSI-2025_B.09","PT_02152","Chery Holding Group","Private",,"300300F08E6VWZVSVM95","CHN","East Asia & Pacific","China","C2910","Motor Vehicles & Parts",,"t",,,"SO","Social","CSI","Social Benchmark","CSI-2025","CSI","Social Benchmark","2025","B","Providing and promoting decent work","09","Health and safety fundamentals","0.00","2026-06-20 21:02:38+00"
"4a2fe65c69159e6f91fcca657abf9833","PT_02151-CSI-2025_B.09","PT_02151","Stellantis","Public","NL00150001Q9","549300LKT9PW7ZIBDF31","NLD","Europe & Central Asia","Netherlands","C2910","Motor Vehicles & Parts","t",,,"t","SO","Social","CSI","Social Benchmark","CSI-2025","CSI","Social Benchmark","2025","B","Providing and promoting decent work","09","Health and safety fundamentals","0.50","2026-06-20 21:02:38+00"
"fc543659a3a3bf5b64bbfd8aae636f8a","PT_01280-CSI-2025_B.09","PT_01280","Nissan Motor","Public","JP3672400003","353800DRBDH1LUTNAY26","JPN","East Asia & Pacific","Japan","C2910","Motor Vehicles & Parts","t","t","t",,"SO","Social","CSI","Social Benchmark","CSI-2025","CSI","Social Benchmark","2025","B","Providing and promoting decent work","09","Health and safety fundamentals","0.00","2026-06-20 21:02:38+00"
"7af037289e08647f927cb1a646494ca5","PT_01360-CSI-2025_B.09","PT_01360","PACCAR","Public","US6937181088","KDTEY8BWE486IKZ3CC07","USA","North America","United States","C2910","Motor Vehicles & Parts","t","t","t",,"SO","Social","CSI","Social Benchmark","CSI-2025","CSI","Social Benchmark","2025","B","Providing and promoting decent work","09","Health and safety fundamentals","0.00","2026-06-20 21:02:38+00"
"02d60094e8610045469fc834b779e33a","PT_02007-CSI-2025_B.09","PT_02007","Volkswagen","Public","DE0007664039","529900NNUPAGGOMPXZ31","DEU","Europe & Central Asia","Germany","C2910","Motor Vehicles & Parts","t","t","t","t","SO","Social","CSI","Social Benchmark","CSI-2025","CSI","Social Benchmark","2025","B","Providing and promoting decent work","09","Health and safety fundamentals","0.50","2026-06-20 21:02:38+00"
"56f17bef524e01af9a3223d1e330999b","PT_01116-CSI-2025_B.09","PT_01116","Mahindra and Mahindra","Public","INE101A01026","3358003B573EV4KB4Z02","IND","South Asia","India","C2910","Motor Vehicles & Parts",,"t",,,"SO","Social","CSI","Social Benchmark","CSI-2025","CSI","Social Benchmark","2025","B","Providing and promoting decent work","09","Health and safety fundamentals","0.50","2026-06-20 21:02:38+00"
"f6301dbbaa4d29fae4cfef148efed4ff","PT_01168-CSI-2025_B.09","PT_01168","Michelin","Public","FR0000121261","549300SOSI58J6VIW052","FRA","Europe & Central Asia","France","C2211","Motor Vehicles & Parts","t","t","t","t","SO","Social","CSI","Social Benchmark","CSI-2025","CSI","Social Benchmark","2025","B","Providing and promoting decent work","09","Health and safety fundamentals","0.50","2026-06-20 21:02:38+00"
"b7a8918144c880bc3bbfb3309a610acb","PT_02727-CSI-2025_B.09","PT_02727","Scania","Private",,"52990000AKKX75BMWB43","SWE","Europe & Central Asia","Sweden","C2910","Motor Vehicles & Parts","t",,,"t","SO","Social","CSI","Social Benchmark","CSI-2025","CSI","Social Benchmark","2025","B","Providing and promoting decent work","09","Health and safety fundamentals","0.00","2026-06-20 21:02:38+00"
"8d3e26010ca275ca4826f4e44137f2c0","PT_02726-CSI-2025_B.09","PT_02726","Daimler Truck","Public","DE000DTR0CK8","529900PW78JIYOUBSR24","DEU","Europe & Central Asia","Germany","C2910","Motor Vehicles & Parts","t","t","t","t","SO","Social","CSI","Social Benchmark","CSI-2025","CSI","Social Benchmark","2025","B","Providing and promoting decent work","09","Health and safety fundamentals","0.50","2026-06-20 21:02:38+00"
"8f74934e2b9b8f7ba72a015f4bdd33a0","PT_01511-CSI-2025_B.10","PT_01511","Ryder System","Public","US7835491082","ZXJ6Y2OSPZXIVGRILD15","USA","North America","United States","N7710","Motor Vehicles & Parts","t","t","t",,"SO","Social","CSI","Social Benchmark","CSI-2025","CSI","Social Benchmark","2025","B","Providing and promoting decent work","10","Living wage fundamentals","0.00","2026-06-20 21:02:38+00"
"0712007036fa2a4cf326800bdf27f29e","PT_00771-CSI-2025_B.10","PT_00771","Great Wall Motor Company","Public","CNE1000018V8","5299002PZDL54CMG5I32","CHN","East Asia & Pacific","China","C2910","Motor Vehicles & Parts",,"t",,,"SO","Social","CSI","Social Benchmark","CSI-2025","CSI","Social Benchmark","2025","B","Providing and promoting decent work","10","Living wage fundamentals","0.00","2026-06-20 21:02:38+00"
"96c51dd1678d2ea8a08497eb3ad9a217","PT_00804-CSI-2025_B.10","PT_00804","GAC Group","Public","CNE100001NQ2","5299005KY9BJO3ZE6A37","CHN","East Asia & Pacific","China","C2910","Motor Vehicles & Parts",,"t",,,"SO","Social","CSI","Social Benchmark","CSI-2025","CSI","Social Benchmark","2025","B","Providing and promoting decent work","10","Living wage fundamentals","0.00","2026-06-20 21:02:38+00"
"46c72d3d6a978d4d4de87645307ac5e5","PT_00341-CSI-2025_B.10","PT_00341","Changan Automobile","Public","CNE000000R36","300300WKFSBX9P5ZOM25","CHN","East Asia & Pacific","China","C2910","Motor Vehicles & Parts",,"t",,,"SO","Social","CSI","Social Benchmark","CSI-2025","CSI","Social Benchmark","2025","B","Providing and promoting decent work","10","Living wage fundamentals","0.00","2026-06-20 21:02:38+00"
"b8b156ae8a2baf401e7e65acb9acbe7f","PT_00367-CSI-2025_B.10","PT_00367","FAW","Government",,"300300MX7XTA1YIALI60","CHN","East Asia & Pacific","China","C2910","Motor Vehicles & Parts",,"t",,,"SO","Social","CSI","Social Benchmark","CSI-2025","CSI","Social Benchmark","2025","B","Providing and promoting decent work","10","Living wage fundamentals","0.00","2026-06-20 21:02:38+00"
"6855b089a71762a9668d7ee70f2eb889","PT_01139-CSI-2025_B.10","PT_01139","Mazda","Public","JP3868400007","52990044YZJLICDQKK92","JPN","East Asia & Pacific","Japan","C2910","Motor Vehicles & Parts","t","t","t",,"SO","Social","CSI","Social Benchmark","CSI-2025","CSI","Social Benchmark","2025","B","Providing and promoting decent work","10","Living wage fundamentals","0.00","2026-06-20 21:02:38+00"
"bb18f99127705cea0a823fdbcdbd716e","PT_02152-CSI-2025_B.10","PT_02152","Chery Holding Group","Private",,"300300F08E6VWZVSVM95","CHN","East Asia & Pacific","China","C2910","Motor Vehicles & Parts",,"t",,,"SO","Social","CSI","Social Benchmark","CSI-2025","CSI","Social Benchmark","2025","B","Providing and promoting decent work","10","Living wage fundamentals","0.00","2026-06-20 21:02:38+00"
"09b5e367555471b83062318d8f5d3be7","PT_02151-CSI-2025_B.10","PT_02151","Stellantis","Public","NL00150001Q9","549300LKT9PW7ZIBDF31","NLD","Europe & Central Asia","Netherlands","C2910","Motor Vehicles & Parts","t",,,"t","SO","Social","CSI","Social Benchmark","CSI-2025","CSI","Social Benchmark","2025","B","Providing and promoting decent work","10","Living wage fundamentals","0.75","2026-06-20 21:02:38+00"
"ff408f9a3205a10424c015f0b7898f7f","PT_02109-CSI-2025_B.10","PT_02109","Volvo","Public","SE0000115446","549300HGV012CNC8JD22","SWE","Europe & Central Asia","Sweden","C2910","Motor Vehicles & Parts","t",,,"t","SO","Social","CSI","Social Benchmark","CSI-2025","CSI","Social Benchmark","2025","B","Providing and promoting decent work","10","Living wage fundamentals","0.00","2026-06-20 21:02:38+00"
"0e285cb49ee4016a65976540226d95c1","PT_01360-CSI-2025_B.10","PT_01360","PACCAR","Public","US6937181088","KDTEY8BWE486IKZ3CC07","USA","North America","United States","C2910","Motor Vehicles & Parts","t","t","t",,"SO","Social","CSI","Social Benchmark","CSI-2025","CSI","Social Benchmark","2025","B","Providing and promoting decent work","10","Living wage fundamentals","0.00","2026-06-20 21:02:38+00"
"73511476adbe8ce4d1774585b6cf3a5f","PT_01812-CSI-2025_B.10","PT_01812","Toyota","Public","JP3633400001","5493006W3QUS5LMH6R84","JPN","East Asia & Pacific","Japan","C2910","Motor Vehicles & Parts","t","t","t",,"SO","Social","CSI","Social Benchmark","CSI-2025","CSI","Social Benchmark","2025","B","Providing and promoting decent work","10","Living wage fundamentals","0.00","2026-06-20 21:02:38+00"
"eba98aaa2a0f1e1c11389f622fb3e260","PT_01280-CSI-2025_B.10","PT_01280","Nissan Motor","Public","JP3672400003","353800DRBDH1LUTNAY26","JPN","East Asia & Pacific","Japan","C2910","Motor Vehicles & Parts","t","t","t",,"SO","Social","CSI","Social Benchmark","CSI-2025","CSI","Social Benchmark","2025","B","Providing and promoting decent work","10","Living wage fundamentals","0.00","2026-06-20 21:02:38+00"
"338c12647521e570e360bafe94e0be77","PT_01978-CSI-2025_B.10","PT_01978","Yokohama Rubber","Public","JP3955800002","52990036XNWY2FMYWB76","JPN","East Asia & Pacific","Japan","C2211","Motor Vehicles & Parts","t","t","t",,"SO","Social","CSI","Social Benchmark","CSI-2025","CSI","Social Benchmark","2025","B","Providing and promoting decent work","10","Living wage fundamentals","0.00","2026-06-20 21:02:38+00"
"ce95fe5fded40436a650d08d75302b34","PT_02007-CSI-2025_B.10","PT_02007","Volkswagen","Public","DE0007664039","529900NNUPAGGOMPXZ31","DEU","Europe & Central Asia","Germany","C2910","Motor Vehicles & Parts","t","t","t","t","SO","Social","CSI","Social Benchmark","CSI-2025","CSI","Social Benchmark","2025","B","Providing and promoting decent work","10","Living wage fundamentals","0.50","2026-06-20 21:02:38+00"
"0828e65c9e041e90860970904208d779","PT_02008-CSI-2025_B.10","PT_02008","Tata Motors","Public","INE155A01022","335800BO2LHWJJ8TZI32","IND","South Asia","India","C2910","Motor Vehicles & Parts",,"t",,,"SO","Social","CSI","Social Benchmark","CSI-2025","CSI","Social Benchmark","2025","B","Providing and promoting decent work","10","Living wage fundamentals","0.00","2026-06-20 21:02:38+00"
"cd88d07ede0ba73c871c504fe0f67ee4","PT_02727-CSI-2025_B.11","PT_02727","Scania","Private",,"52990000AKKX75BMWB43","SWE","Europe & Central Asia","Sweden","C2910","Motor Vehicles & Parts","t",,,"t","SO","Social","CSI","Social Benchmark","CSI-2025","CSI","Social Benchmark","2025","B","Providing and promoting decent work","11","Working hours fundamentals","0.33","2026-06-20 21:02:38+00"
"eb711001561fe51cd774b07e35cde3a4","PT_00880-CSI-2025_B.11","PT_00880","Hyundai Motor","Public","KR7005380001","9884004RQX8PRBXQ8S60","KOR","East Asia & Pacific","Korea, Rep.","C2910","Motor Vehicles & Parts","t","t",,,"SO","Social","CSI","Social Benchmark","CSI-2025","CSI","Social Benchmark","2025","B","Providing and promoting decent work","11","Working hours fundamentals","0.00","2026-06-20 21:02:38+00"
"e613a87f5ce69a1e77c764294230b6cd","PT_00855-CSI-2025_B.11","PT_00855","Honda Motor","Public","JP3854600008","549300P7ZYCQJ36CCS16","JPN","East Asia & Pacific","Japan","C2910","Motor Vehicles & Parts","t","t","t",,"SO","Social","CSI","Social Benchmark","CSI-2025","CSI","Social Benchmark","2025","B","Providing and promoting decent work","11","Working hours fundamentals","0.00","2026-06-20 21:02:38+00"
"6eb5fa6426999abc645c450c3424971b","PT_00816-CSI-2025_B.11","PT_00816","Hankook Tire & Technology","Public","KR7161390000","9884001BIEVM09M7AH02","KOR","East Asia & Pacific","Korea, Rep.","C2211","Motor Vehicles & Parts","t","t",,,"SO","Social","CSI","Social Benchmark","CSI-2025","CSI","Social Benchmark","2025","B","Providing and promoting decent work","11","Working hours fundamentals","0.00","2026-06-20 21:02:38+00"
"fd35e39cfc795e67743f36a6c901298f","PT_00804-CSI-2025_B.11","PT_00804","GAC Group","Public","CNE100001NQ2","5299005KY9BJO3ZE6A37","CHN","East Asia & Pacific","China","C2910","Motor Vehicles & Parts",,"t",,,"SO","Social","CSI","Social Benchmark","CSI-2025","CSI","Social Benchmark","2025","B","Providing and promoting decent work","11","Working hours fundamentals","0.00","2026-06-20 21:02:38+00"
"c0ae9b4ced8a4a1d89c59abb4af98a7d","PT_00771-CSI-2025_B.11","PT_00771","Great Wall Motor Company","Public","CNE1000018V8","5299002PZDL54CMG5I32","CHN","East Asia & Pacific","China","C2910","Motor Vehicles & Parts",,"t",,,"SO","Social","CSI","Social Benchmark","CSI-2025","CSI","Social Benchmark","2025","B","Providing and promoting decent work","11","Working hours fundamentals","0.00","2026-06-20 21:02:38+00"
"b77a5498c32a39db9d46633c460f5758","PT_00763-CSI-2025_B.11","PT_00763","Goodyear Tire & Rubber","Public","US3825501014","5493002BI0S2ZQUY3437","USA","North America","United States","C2211","Motor Vehicles & Parts","t","t","t",,"SO","Social","CSI","Social Benchmark","CSI-2025","CSI","Social Benchmark","2025","B","Providing and promoting decent work","11","Working hours fundamentals","0.00","2026-06-20 21:02:38+00"
"19e4d5f34fd64f63b4e25ee54e6daa6c","PT_00705-CSI-2025_B.11","PT_00705","Ford","Public","US3453708600","20S05OYHG0MQM4VUIC57","USA","North America","United States","C2910","Motor Vehicles & Parts","t","t","t",,"SO","Social","CSI","Social Benchmark","CSI-2025","CSI","Social Benchmark","2025","B","Providing and promoting decent work","11","Working hours fundamentals","0.00","2026-06-20 21:02:38+00"
"eaa8750a866ddf264f2316efe94cb567","PT_01703-CSI-2025_B.11","PT_01703","Suzuki","Public","JP3397200001","353800D83H0V3ZV1SV24","JPN","East Asia & Pacific","Japan","C2910","Motor Vehicles & Parts","t","t","t",,"SO","Social","CSI","Social Benchmark","CSI-2025","CSI","Social Benchmark","2025","B","Providing and promoting decent work","11","Working hours fundamentals","0.00","2026-06-20 21:02:38+00"
"f3805eb558dea29c03558fb9b768893d","PT_01766-CSI-2025_B.11","PT_01766","Tesla","Public","US88160R1014","54930043XZGB27CTOV49","USA","North America","United States","C2910","Motor Vehicles & Parts","t","t","t",,"SO","Social","CSI","Social Benchmark","CSI-2025","CSI","Social Benchmark","2025","B","Providing and promoting decent work","11","Working hours fundamentals","0.00","2026-06-20 21:02:38+00"
"435579fca7bb406a3cf643214af26ccc","PT_01678-CSI-2025_B.11","PT_01678","Subaru Corporation","Public","JP3814800003","549300N244BVAEE6HH86","JPN","East Asia & Pacific","Japan","C2910","Motor Vehicles & Parts","t","t","t",,"SO","Social","CSI","Social Benchmark","CSI-2025","CSI","Social Benchmark","2025","B","Providing and promoting decent work","11","Working hours fundamentals","0.00","2026-06-20 21:02:38+00"
"ea42b56a3cf5b9b628ed015670cc6320","PT_02151-CSI-2025_B.11","PT_02151","Stellantis","Public","NL00150001Q9","549300LKT9PW7ZIBDF31","NLD","Europe & Central Asia","Netherlands","C2910","Motor Vehicles & Parts","t",,,"t","SO","Social","CSI","Social Benchmark","CSI-2025","CSI","Social Benchmark","2025","B","Providing and promoting decent work","11","Working hours fundamentals","0.67","2026-06-20 21:02:38+00"
"b9d0ec5678bfe58e3622cf16c4674b07","PT_00472-CSI-2025_B.11","PT_00472","Continental","Public","DE0005439004","529900A7YD9C0LLXM621","DEU","Europe & Central Asia","Germany","C2211","Motor Vehicles & Parts","t","t","t","t","SO","Social","CSI","Social Benchmark","CSI-2025","CSI","Social Benchmark","2025","B","Providing and promoting decent work","11","Working hours fundamentals","0.00","2026-06-20 21:02:38+00"
"bf3027623ef40a8657baa23b49b5f1c6","PT_01518-CSI-2025_B.10","PT_01518","SAIC Motor","Public","CNE000000TY6","30030001QBC7EXJJGT71","CHN","East Asia & Pacific","China","C2910","Motor Vehicles & Parts",,"t",,,"SO","Social","CSI","Social Benchmark","CSI-2025","CSI","Social Benchmark","2025","B","Providing and promoting decent work","10","Living wage fundamentals","0.00","2026-06-20 21:02:38+00"
"4d50999fbe8f59d579c9d4f019d7ee84","PT_01476-CSI-2025_B.10","PT_01476","Renault","Public","FR0000131906","969500F7JLTX36OUI695","FRA","Europe & Central Asia","France","C2910","Motor Vehicles & Parts","t","t","t","t","SO","Social","CSI","Social Benchmark","CSI-2025","CSI","Social Benchmark","2025","B","Providing and promoting decent work","10","Living wage fundamentals","0.00","2026-06-20 21:02:38+00"
"decec8c8d629cfa8e3eba193629e79a9","PT_00472-CSI-2025_B.09","PT_00472","Continental","Public","DE0005439004","529900A7YD9C0LLXM621","DEU","Europe & Central Asia","Germany","C2211","Motor Vehicles & Parts","t","t","t","t","SO","Social","CSI","Social Benchmark","CSI-2025","CSI","Social Benchmark","2025","B","Providing and promoting decent work","09","Health and safety fundamentals","0.00","2026-06-20 21:02:38+00"
"b3bd6ca7fc4e246b88a2b201ca8759ee","PT_00275-CSI-2025_A.04","PT_00275","Bridgestone","Public","JP3830800003","549300DHPOF90OYYD780","JPN","East Asia & Pacific","Japan","C2211","Motor Vehicles & Parts","t","t","t",,"SO","Social","CSI","Social Benchmark","CSI-2025","CSI","Social Benchmark","2025","A","Respecting human rights","04","Identifying human rights risks and impacts","0.33","2026-06-20 21:02:38+00"
"1cb3d6fd4d30621b94d5aca1b94383d4","PT_00816-CSI-2025_B.10","PT_00816","Hankook Tire & Technology","Public","KR7161390000","9884001BIEVM09M7AH02","KOR","East Asia & Pacific","Korea, Rep.","C2211","Motor Vehicles & Parts","t","t",,,"SO","Social","CSI","Social Benchmark","CSI-2025","CSI","Social Benchmark","2025","B","Providing and promoting decent work","10","Living wage fundamentals","0.00","2026-06-20 21:02:38+00"
"5bc996a024563a8124acbfe37e54dc94","PT_00290-CSI-2025_B.10","PT_00290","BYD","Public","CNE100001526","5299001O3LAFGRPZ3Y63","CHN","East Asia & Pacific","China","C2910","Motor Vehicles & Parts",,"t",,,"SO","Social","CSI","Social Benchmark","CSI-2025","CSI","Social Benchmark","2025","B","Providing and promoting decent work","10","Living wage fundamentals","0.00","2026-06-20 21:02:38+00"
"41dab1020dfddc8a9ade44d450348d13","PT_00236-CSI-2025_B.10","PT_00236","BAIC","Public","CNE100001TJ4","300300X7ND2JNR96BA87","CHN","East Asia & Pacific","China","C2910","Motor Vehicles & Parts",,"t",,,"SO","Social","CSI","Social Benchmark","CSI-2025","CSI","Social Benchmark","2025","B","Providing and promoting decent work","10","Living wage fundamentals","0.00","2026-06-20 21:02:38+00"
"cfd7cad9f154eb9e441f2e1a54cea166","PT_00275-CSI-2025_B.10","PT_00275","Bridgestone","Public","JP3830800003","549300DHPOF90OYYD780","JPN","East Asia & Pacific","Japan","C2211","Motor Vehicles & Parts","t","t","t",,"SO","Social","CSI","Social Benchmark","CSI-2025","CSI","Social Benchmark","2025","B","Providing and promoting decent work","10","Living wage fundamentals","0.00","2026-06-20 21:02:38+00"
"7438b2fe32ae99b594dc9ea83cec2b84","PT_00345-CSI-2025_B.10","PT_00345","Cheng Shin Rubber","Public","TW0002105004","3003006VZBNKJZLNJ718","TWN","East Asia & Pacific","Taiwan, China","C2211","Motor Vehicles & Parts",,,,,"SO","Social","CSI","Social Benchmark","CSI-2025","CSI","Social Benchmark","2025","B","Providing and promoting decent work","10","Living wage fundamentals","0.00","2026-06-20 21:02:38+00"
"c3913ce086ccc09cbbfb4cc965353424","PT_00261-CSI-2025_B.10","PT_00261","BMW","Public","DE0005190003","YEH5ZCD6E441RHVHD759","DEU","Europe & Central Asia","Germany","C2910","Motor Vehicles & Parts","t","t","t","t","SO","Social","CSI","Social Benchmark","CSI-2025","CSI","Social Benchmark","2025","B","Providing and promoting decent work","10","Living wage fundamentals","0.00","2026-06-20 21:02:38+00"
"4763479b271920bfb70400581f93f902","PT_00763-CSI-2025_B.10","PT_00763","Goodyear Tire & Rubber","Public","US3825501014","5493002BI0S2ZQUY3437","USA","North America","United States","C2211","Motor Vehicles & Parts","t","t","t",,"SO","Social","CSI","Social Benchmark","CSI-2025","CSI","Social Benchmark","2025","B","Providing and promoting decent work","10","Living wage fundamentals","0.00","2026-06-20 21:02:38+00"
"fae73fcae6c5f2b63e7c13467546516c","PT_00740-CSI-2025_B.10","PT_00740","General Motors","Public","US37045V1008","54930070NSV60J38I987","USA","North America","United States","C2910","Motor Vehicles & Parts","t","t","t",,"SO","Social","CSI","Social Benchmark","CSI-2025","CSI","Social Benchmark","2025","B","Providing and promoting decent work","10","Living wage fundamentals","0.00","2026-06-20 21:02:38+00"
"68588dbd31e5628b35cfbf80b3c43733","PT_00705-CSI-2025_B.10","PT_00705","Ford","Public","US3453708600","20S05OYHG0MQM4VUIC57","USA","North America","United States","C2910","Motor Vehicles & Parts","t","t","t",,"SO","Social","CSI","Social Benchmark","CSI-2025","CSI","Social Benchmark","2025","B","Providing and promoting decent work","10","Living wage fundamentals","0.00","2026-06-20 21:02:38+00"
"b5c3f86c8fa5dae46c3eae3d99e4008b","PT_00472-CSI-2025_B.10","PT_00472","Continental","Public","DE0005439004","529900A7YD9C0LLXM621","DEU","Europe & Central Asia","Germany","C2211","Motor Vehicles & Parts","t","t","t","t","SO","Social","CSI","Social Benchmark","CSI-2025","CSI","Social Benchmark","2025","B","Providing and promoting decent work","10","Living wage fundamentals","0.00","2026-06-20 21:02:38+00"
"b7cfa55107ee3b992dc2d103e1f95676","PT_01116-CSI-2025_B.10","PT_01116","Mahindra and Mahindra","Public","INE101A01026","3358003B573EV4KB4Z02","IND","South Asia","India","C2910","Motor Vehicles & Parts",,"t",,,"SO","Social","CSI","Social Benchmark","CSI-2025","CSI","Social Benchmark","2025","B","Providing and promoting decent work","10","Living wage fundamentals","0.00","2026-06-20 21:02:38+00"
"9ca4f42a9ecc9a77970cdae666c9adc9","PT_00880-CSI-2025_B.10","PT_00880","Hyundai Motor","Public","KR7005380001","9884004RQX8PRBXQ8S60","KOR","East Asia & Pacific","Korea, Rep.","C2910","Motor Vehicles & Parts","t","t",,,"SO","Social","CSI","Social Benchmark","CSI-2025","CSI","Social Benchmark","2025","B","Providing and promoting decent work","10","Living wage fundamentals","0.00","2026-06-20 21:02:38+00"
"a885cd99eef7c7eabd41427e8f3b44ce","PT_00855-CSI-2025_B.10","PT_00855","Honda Motor","Public","JP3854600008","549300P7ZYCQJ36CCS16","JPN","East Asia & Pacific","Japan","C2910","Motor Vehicles & Parts","t","t","t",,"SO","Social","CSI","Social Benchmark","CSI-2025","CSI","Social Benchmark","2025","B","Providing and promoting decent work","10","Living wage fundamentals","0.00","2026-06-20 21:02:38+00"
"dc042139ea152d33512c6162f2f90c37","PT_01995-CSI-2025_B.10","PT_01995","Zhongce Rubber Group","Private",,"3003009F43G96IGM7906","CHN","East Asia & Pacific","China","C2211","Motor Vehicles & Parts",,"t",,,"SO","Social","CSI","Social Benchmark","CSI-2025","CSI","Social Benchmark","2025","B","Providing and promoting decent work","10","Living wage fundamentals","0.00","2026-06-20 21:02:38+00"
"6a89eb5477f4d7a07ea8c372840957cf","PT_02038-CSI-2025_B.10","PT_02038","Kia","Public","KR7000270009","988400V8MJK9N7OI5X76","KOR","East Asia & Pacific","Korea, Rep.","C2910","Motor Vehicles & Parts","t","t",,,"SO","Social","CSI","Social Benchmark","CSI-2025","CSI","Social Benchmark","2025","B","Providing and promoting decent work","10","Living wage fundamentals","0.00","2026-06-20 21:02:38+00"
"60fd2087f64197744707b0c65010213b","PT_02037-CSI-2025_B.10","PT_02037","JAC Motors","Public","CNE0000018M9","300300KQABCMFKN2E931","CHN","East Asia & Pacific","China","C2910","Motor Vehicles & Parts",,"t",,,"SO","Social","CSI","Social Benchmark","CSI-2025","CSI","Social Benchmark","2025","B","Providing and promoting decent work","10","Living wage fundamentals","0.00","2026-06-20 21:02:38+00"
"938656ff57d0342c47ac4e90f00183d5","PT_01703-CSI-2025_B.10","PT_01703","Suzuki","Public","JP3397200001","353800D83H0V3ZV1SV24","JPN","East Asia & Pacific","Japan","C2910","Motor Vehicles & Parts","t","t","t",,"SO","Social","CSI","Social Benchmark","CSI-2025","CSI","Social Benchmark","2025","B","Providing and promoting decent work","10","Living wage fundamentals","0.00","2026-06-20 21:02:38+00"
"b2aeb13e5b9184a755b4966cdac0dd5a","PT_02548-CSI-2025_B.10","PT_02548","Mercedes-Benz","Public","DE0007100000","529900R27DL06UVNT076","DEU","Europe & Central Asia","Germany","C2910","Motor Vehicles & Parts","t","t","t","t","SO","Social","CSI","Social Benchmark","CSI-2025","CSI","Social Benchmark","2025","B","Providing and promoting decent work","10","Living wage fundamentals","0.00","2026-06-20 21:02:38+00"
"e041783b570499db667adaadf64a6dda","PT_02726-CSI-2025_B.11","PT_02726","Daimler Truck","Public","DE000DTR0CK8","529900PW78JIYOUBSR24","DEU","Europe & Central Asia","Germany","C2910","Motor Vehicles & Parts","t","t","t","t","SO","Social","CSI","Social Benchmark","CSI-2025","CSI","Social Benchmark","2025","B","Providing and promoting decent work","11","Working hours fundamentals","0.67","2026-06-20 21:02:38+00"
"ae47310d25881bfa4ce9fc566c6f4ebb","PT_01518-CSI-2025_B.11","PT_01518","SAIC Motor","Public","CNE000000TY6","30030001QBC7EXJJGT71","CHN","East Asia & Pacific","China","C2910","Motor Vehicles & Parts",,"t",,,"SO","Social","CSI","Social Benchmark","CSI-2025","CSI","Social Benchmark","2025","B","Providing and promoting decent work","11","Working hours fundamentals","0.00","2026-06-20 21:02:38+00"
"68461b5eec6177565781b264574f0054","PT_01511-CSI-2025_B.11","PT_01511","Ryder System","Public","US7835491082","ZXJ6Y2OSPZXIVGRILD15","USA","North America","United States","N7710","Motor Vehicles & Parts","t","t","t",,"SO","Social","CSI","Social Benchmark","CSI-2025","CSI","Social Benchmark","2025","B","Providing and promoting decent work","11","Working hours fundamentals","0.00","2026-06-20 21:02:38+00"
"f84409e595ce120fdee5f59359c02e37","PT_01476-CSI-2025_B.11","PT_01476","Renault","Public","FR0000131906","969500F7JLTX36OUI695","FRA","Europe & Central Asia","France","C2910","Motor Vehicles & Parts","t","t","t","t","SO","Social","CSI","Social Benchmark","CSI-2025","CSI","Social Benchmark","2025","B","Providing and promoting decent work","11","Working hours fundamentals","0.00","2026-06-20 21:02:38+00"
"4272f2018b773c6cf3fb9d6984df66ec","PT_00236-CSI-2025_B.11","PT_00236","BAIC","Public","CNE100001TJ4","300300X7ND2JNR96BA87","CHN","East Asia & Pacific","China","C2910","Motor Vehicles & Parts",,"t",,,"SO","Social","CSI","Social Benchmark","CSI-2025","CSI","Social Benchmark","2025","B","Providing and promoting decent work","11","Working hours fundamentals","0.00","2026-06-20 21:02:38+00"
"0b1d74ab47bb5a16ae81c04d9f10307b","PT_00275-CSI-2025_B.11","PT_00275","Bridgestone","Public","JP3830800003","549300DHPOF90OYYD780","JPN","East Asia & Pacific","Japan","C2211","Motor Vehicles & Parts","t","t","t",,"SO","Social","CSI","Social Benchmark","CSI-2025","CSI","Social Benchmark","2025","B","Providing and promoting decent work","11","Working hours fundamentals","0.00","2026-06-20 21:02:38+00"
"35d5a04496bfd2971101cfae244dada3","PT_00290-CSI-2025_B.11","PT_00290","BYD","Public","CNE100001526","5299001O3LAFGRPZ3Y63","CHN","East Asia & Pacific","China","C2910","Motor Vehicles & Parts",,"t",,,"SO","Social","CSI","Social Benchmark","CSI-2025","CSI","Social Benchmark","2025","B","Providing and promoting decent work","11","Working hours fundamentals","0.00","2026-06-20 21:02:38+00"
"f53ef19b39a98c35523c820641c96ae1","PT_00345-CSI-2025_B.11","PT_00345","Cheng Shin Rubber","Public","TW0002105004","3003006VZBNKJZLNJ718","TWN","East Asia & Pacific","Taiwan, China","C2211","Motor Vehicles & Parts",,,,,"SO","Social","CSI","Social Benchmark","CSI-2025","CSI","Social Benchmark","2025","B","Providing and promoting decent work","11","Working hours fundamentals","0.00","2026-06-20 21:02:38+00"
"aa367b69d1c76bf4d729597e1e5cd552","PT_00341-CSI-2025_B.11","PT_00341","Changan Automobile","Public","CNE000000R36","300300WKFSBX9P5ZOM25","CHN","East Asia & Pacific","China","C2910","Motor Vehicles & Parts",,"t",,,"SO","Social","CSI","Social Benchmark","CSI-2025","CSI","Social Benchmark","2025","B","Providing and promoting decent work","11","Working hours fundamentals","0.00","2026-06-20 21:02:38+00"
"80b17905f118c736a66771d8e9f88bcc","PT_00367-CSI-2025_B.11","PT_00367","FAW","Government",,"300300MX7XTA1YIALI60","CHN","East Asia & Pacific","China","C2910","Motor Vehicles & Parts",,"t",,,"SO","Social","CSI","Social Benchmark","CSI-2025","CSI","Social Benchmark","2025","B","Providing and promoting decent work","11","Working hours fundamentals","0.00","2026-06-20 21:02:38+00"
"8e574077186a00b4bb41df57d8957b63","PT_02009-CSI-2025_B.11","PT_02009","Mitsubishi Motors Corporation","Public","JP3899800001","5299006ZTN6MO1N5BR16","JPN","East Asia & Pacific","Japan","C2910","Motor Vehicles & Parts","t","t","t",,"SO","Social","CSI","Social Benchmark","CSI-2025","CSI","Social Benchmark","2025","B","Providing and promoting decent work","11","Working hours fundamentals","0.00","2026-06-20 21:02:38+00"
"2ee72c39e4c9a0adc79e977bee2727a3","PT_01995-CSI-2025_B.11","PT_01995","Zhongce Rubber Group","Private",,"3003009F43G96IGM7906","CHN","East Asia & Pacific","China","C2211","Motor Vehicles & Parts",,"t",,,"SO","Social","CSI","Social Benchmark","CSI-2025","CSI","Social Benchmark","2025","B","Providing and promoting decent work","11","Working hours fundamentals","0.00","2026-06-20 21:02:38+00"
"4cf4e041e1c8109e6b3d8cb4331f967b","PT_02037-CSI-2025_B.11","PT_02037","JAC Motors","Public","CNE0000018M9","300300KQABCMFKN2E931","CHN","East Asia & Pacific","China","C2910","Motor Vehicles & Parts",,"t",,,"SO","Social","CSI","Social Benchmark","CSI-2025","CSI","Social Benchmark","2025","B","Providing and promoting decent work","11","Working hours fundamentals","0.00","2026-06-20 21:02:38+00"
"fdd31de9802edfbaf2d895205005eadf","PT_02008-CSI-2025_B.11","PT_02008","Tata Motors","Public","INE155A01022","335800BO2LHWJJ8TZI32","IND","South Asia","India","C2910","Motor Vehicles & Parts",,"t",,,"SO","Social","CSI","Social Benchmark","CSI-2025","CSI","Social Benchmark","2025","B","Providing and promoting decent work","11","Working hours fundamentals","0.00","2026-06-20 21:02:38+00"
"85556de9b4405c5de0536ee1503558e8","PT_02007-CSI-2025_B.11","PT_02007","Volkswagen","Public","DE0007664039","529900NNUPAGGOMPXZ31","DEU","Europe & Central Asia","Germany","C2910","Motor Vehicles & Parts","t","t","t","t","SO","Social","CSI","Social Benchmark","CSI-2025","CSI","Social Benchmark","2025","B","Providing and promoting decent work","11","Working hours fundamentals","0.00","2026-06-20 21:02:38+00"
"06bd81b314cac7379ef468d581ef7cd1","PT_00572-CSI-2025_B.11","PT_00572","Dongfeng Motor Group","Public","CNE100000312","300300XR7ZL54H8GBA06","CHN","East Asia & Pacific","China","C2910","Motor Vehicles & Parts",,"t",,,"SO","Social","CSI","Social Benchmark","CSI-2025","CSI","Social Benchmark","2025","B","Providing and promoting decent work","11","Working hours fundamentals","0.00","2026-06-20 21:02:38+00"
"40bcf73418b6bd8e047c93b4df6d750e","PT_01168-CSI-2025_B.11","PT_01168","Michelin","Public","FR0000121261","549300SOSI58J6VIW052","FRA","Europe & Central Asia","France","C2211","Motor Vehicles & Parts","t","t","t","t","SO","Social","CSI","Social Benchmark","CSI-2025","CSI","Social Benchmark","2025","B","Providing and promoting decent work","11","Working hours fundamentals","0.00","2026-06-20 21:02:38+00"
"eb7ef3c1ede5f09f0bb8c471f772cdba","PT_01139-CSI-2025_B.11","PT_01139","Mazda","Public","JP3868400007","52990044YZJLICDQKK92","JPN","East Asia & Pacific","Japan","C2910","Motor Vehicles & Parts","t","t","t",,"SO","Social","CSI","Social Benchmark","CSI-2025","CSI","Social Benchmark","2025","B","Providing and promoting decent work","11","Working hours fundamentals","0.00","2026-06-20 21:02:38+00"
"0dc9348da98e74484492460c6964ff39","PT_02109-CSI-2025_B.11","PT_02109","Volvo","Public","SE0000115446","549300HGV012CNC8JD22","SWE","Europe & Central Asia","Sweden","C2910","Motor Vehicles & Parts","t",,,"t","SO","Social","CSI","Social Benchmark","CSI-2025","CSI","Social Benchmark","2025","B","Providing and promoting decent work","11","Working hours fundamentals","0.00","2026-06-20 21:02:38+00"
"b289d10061d3362f96a499720eee83fd","PT_01360-CSI-2025_B.11","PT_01360","PACCAR","Public","US6937181088","KDTEY8BWE486IKZ3CC07","USA","North America","United States","C2910","Motor Vehicles & Parts","t","t","t",,"SO","Social","CSI","Social Benchmark","CSI-2025","CSI","Social Benchmark","2025","B","Providing and promoting decent work","11","Working hours fundamentals","0.00","2026-06-20 21:02:38+00"
"9fa3d44e0682834240b251e0bb2cec1f","PT_01280-CSI-2025_B.11","PT_01280","Nissan Motor","Public","JP3672400003","353800DRBDH1LUTNAY26","JPN","East Asia & Pacific","Japan","C2910","Motor Vehicles & Parts","t","t","t",,"SO","Social","CSI","Social Benchmark","CSI-2025","CSI","Social Benchmark","2025","B","Providing and promoting decent work","11","Working hours fundamentals","0.00","2026-06-20 21:02:38+00"
"78998b8d44b89102db486a822b1f039f","PT_02152-CSI-2025_B.11","PT_02152","Chery Holding Group","Private",,"300300F08E6VWZVSVM95","CHN","East Asia & Pacific","China","C2910","Motor Vehicles & Parts",,"t",,,"SO","Social","CSI","Social Benchmark","CSI-2025","CSI","Social Benchmark","2025","B","Providing and promoting decent work","11","Working hours fundamentals","0.00","2026-06-20 21:02:38+00"
"8554372a0a06bb9da2fce5cc25e96e06","PT_00290-CSI-2025_B.12","PT_00290","BYD","Public","CNE100001526","5299001O3LAFGRPZ3Y63","CHN","East Asia & Pacific","China","C2910","Motor Vehicles & Parts",,"t",,,"SO","Social","CSI","Social Benchmark","CSI-2025","CSI","Social Benchmark","2025","B","Providing and promoting decent work","12","Collective bargaining fundamentals","0.00","2026-06-20 21:02:38+00"
"cbd442a041b3a7d66805ec547bda38b8","PT_00261-CSI-2025_B.12","PT_00261","BMW","Public","DE0005190003","YEH5ZCD6E441RHVHD759","DEU","Europe & Central Asia","Germany","C2910","Motor Vehicles & Parts","t","t","t","t","SO","Social","CSI","Social Benchmark","CSI-2025","CSI","Social Benchmark","2025","B","Providing and promoting decent work","12","Collective bargaining fundamentals","0.50","2026-06-20 21:02:38+00"
"15fcf1bac756e5d7a687e34a3a7af919","PT_00345-CSI-2025_B.12","PT_00345","Cheng Shin Rubber","Public","TW0002105004","3003006VZBNKJZLNJ718","TWN","East Asia & Pacific","Taiwan, China","C2211","Motor Vehicles & Parts",,,,,"SO","Social","CSI","Social Benchmark","CSI-2025","CSI","Social Benchmark","2025","B","Providing and promoting decent work","12","Collective bargaining fundamentals","0.00","2026-06-20 21:02:38+00"
"6484a491aedeb04562d161471b5cba80","PT_00341-CSI-2025_B.12","PT_00341","Changan Automobile","Public","CNE000000R36","300300WKFSBX9P5ZOM25","CHN","East Asia & Pacific","China","C2910","Motor Vehicles & Parts",,"t",,,"SO","Social","CSI","Social Benchmark","CSI-2025","CSI","Social Benchmark","2025","B","Providing and promoting decent work","12","Collective bargaining fundamentals","0.00","2026-06-20 21:02:38+00"
"36b23de02d3a0cfaf7254a5a5a6d1b25","PT_02037-CSI-2025_B.12","PT_02037","JAC Motors","Public","CNE0000018M9","300300KQABCMFKN2E931","CHN","East Asia & Pacific","China","C2910","Motor Vehicles & Parts",,"t",,,"SO","Social","CSI","Social Benchmark","CSI-2025","CSI","Social Benchmark","2025","B","Providing and promoting decent work","12","Collective bargaining fundamentals","0.00","2026-06-20 21:02:38+00"
"4078237af9e076546100f34f13c84236","PT_02009-CSI-2025_B.12","PT_02009","Mitsubishi Motors Corporation","Public","JP3899800001","5299006ZTN6MO1N5BR16","JPN","East Asia & Pacific","Japan","C2910","Motor Vehicles & Parts","t","t","t",,"SO","Social","CSI","Social Benchmark","CSI-2025","CSI","Social Benchmark","2025","B","Providing and promoting decent work","12","Collective bargaining fundamentals","0.00","2026-06-20 21:02:38+00"
"944d4dcaafe81f361e506f9a186eb50c","PT_02007-CSI-2025_B.12","PT_02007","Volkswagen","Public","DE0007664039","529900NNUPAGGOMPXZ31","DEU","Europe & Central Asia","Germany","C2910","Motor Vehicles & Parts","t","t","t","t","SO","Social","CSI","Social Benchmark","CSI-2025","CSI","Social Benchmark","2025","B","Providing and promoting decent work","12","Collective bargaining fundamentals","0.00","2026-06-20 21:02:38+00"
"1c4442e392c6ba4613ceff6401092491","PT_01993-CSI-2025_B.12","PT_01993","Geely Holding","Private",,"549300YS3T1KVQ2SNI84","CHN","East Asia & Pacific","China","C2910","Motor Vehicles & Parts",,"t",,,"SO","Social","CSI","Social Benchmark","CSI-2025","CSI","Social Benchmark","2025","B","Providing and promoting decent work","12","Collective bargaining fundamentals","0.00","2026-06-20 21:02:38+00"
"0f78dd486b30299f746e392f3abef0f3","PT_01766-CSI-2025_B.12","PT_01766","Tesla","Public","US88160R1014","54930043XZGB27CTOV49","USA","North America","United States","C2910","Motor Vehicles & Parts","t","t","t",,"SO","Social","CSI","Social Benchmark","CSI-2025","CSI","Social Benchmark","2025","B","Providing and promoting decent work","12","Collective bargaining fundamentals","0.00","2026-06-20 21:02:38+00"
"eae69033ccce396a42b1ac763b7c1985","PT_01812-CSI-2025_B.12","PT_01812","Toyota","Public","JP3633400001","5493006W3QUS5LMH6R84","JPN","East Asia & Pacific","Japan","C2910","Motor Vehicles & Parts","t","t","t",,"SO","Social","CSI","Social Benchmark","CSI-2025","CSI","Social Benchmark","2025","B","Providing and promoting decent work","12","Collective bargaining fundamentals","0.50","2026-06-20 21:02:38+00"
"24d005e9369001efecdb58443f00d52c","PT_01812-CSI-2025_B.13","PT_01812","Toyota","Public","JP3633400001","5493006W3QUS5LMH6R84","JPN","East Asia & Pacific","Japan","C2910","Motor Vehicles & Parts","t","t","t",,"SO","Social","CSI","Social Benchmark","CSI-2025","CSI","Social Benchmark","2025","B","Providing and promoting decent work","13","Workforce diversity disclosure fundamentals","1.00","2026-06-20 21:02:38+00"
"b25fd8a00ad3be08db734ed1094ed7ec","PT_01678-CSI-2025_B.13","PT_01678","Subaru Corporation","Public","JP3814800003","549300N244BVAEE6HH86","JPN","East Asia & Pacific","Japan","C2910","Motor Vehicles & Parts","t","t","t",,"SO","Social","CSI","Social Benchmark","CSI-2025","CSI","Social Benchmark","2025","B","Providing and promoting decent work","13","Workforce diversity disclosure fundamentals","0.00","2026-06-20 21:02:38+00"
"8c920f4cf419479dd2f88def190c58e7","PT_01703-CSI-2025_B.13","PT_01703","Suzuki","Public","JP3397200001","353800D83H0V3ZV1SV24","JPN","East Asia & Pacific","Japan","C2910","Motor Vehicles & Parts","t","t","t",,"SO","Social","CSI","Social Benchmark","CSI-2025","CSI","Social Benchmark","2025","B","Providing and promoting decent work","13","Workforce diversity disclosure fundamentals","0.33","2026-06-20 21:02:38+00"
"faa6300611d33fef2f1f33ac2bd844ca","PT_00572-CSI-2025_B.12","PT_00572","Dongfeng Motor Group","Public","CNE100000312","300300XR7ZL54H8GBA06","CHN","East Asia & Pacific","China","C2910","Motor Vehicles & Parts",,"t",,,"SO","Social","CSI","Social Benchmark","CSI-2025","CSI","Social Benchmark","2025","B","Providing and promoting decent work","12","Collective bargaining fundamentals","0.00","2026-06-20 21:02:38+00"
"052e23f3226e1df699bf399f50fa1af3","PT_00472-CSI-2025_B.12","PT_00472","Continental","Public","DE0005439004","529900A7YD9C0LLXM621","DEU","Europe & Central Asia","Germany","C2211","Motor Vehicles & Parts","t","t","t","t","SO","Social","CSI","Social Benchmark","CSI-2025","CSI","Social Benchmark","2025","B","Providing and promoting decent work","12","Collective bargaining fundamentals","0.00","2026-06-20 21:02:38+00"
"4500997316a98e2d63f4685e7be4948d","PT_02727-CSI-2025_B.13","PT_02727","Scania","Private",,"52990000AKKX75BMWB43","SWE","Europe & Central Asia","Sweden","C2910","Motor Vehicles & Parts","t",,,"t","SO","Social","CSI","Social Benchmark","CSI-2025","CSI","Social Benchmark","2025","B","Providing and promoting decent work","13","Workforce diversity disclosure fundamentals","0.67","2026-06-20 21:02:38+00"
"6ec207b611bc77ed98bab2e9936763f6","PT_02726-CSI-2025_B.13","PT_02726","Daimler Truck","Public","DE000DTR0CK8","529900PW78JIYOUBSR24","DEU","Europe & Central Asia","Germany","C2910","Motor Vehicles & Parts","t","t","t","t","SO","Social","CSI","Social Benchmark","CSI-2025","CSI","Social Benchmark","2025","B","Providing and promoting decent work","13","Workforce diversity disclosure fundamentals","0.67","2026-06-20 21:02:38+00"
"38da55f97387b37ef22d5107b0f0983b","PT_00275-CSI-2025_B.13","PT_00275","Bridgestone","Public","JP3830800003","549300DHPOF90OYYD780","JPN","East Asia & Pacific","Japan","C2211","Motor Vehicles & Parts","t","t","t",,"SO","Social","CSI","Social Benchmark","CSI-2025","CSI","Social Benchmark","2025","B","Providing and promoting decent work","13","Workforce diversity disclosure fundamentals","0.33","2026-06-20 21:02:38+00"
"7243199a7bc881095971c90e9124fbd9","PT_00290-CSI-2025_B.13","PT_00290","BYD","Public","CNE100001526","5299001O3LAFGRPZ3Y63","CHN","East Asia & Pacific","China","C2910","Motor Vehicles & Parts",,"t",,,"SO","Social","CSI","Social Benchmark","CSI-2025","CSI","Social Benchmark","2025","B","Providing and promoting decent work","13","Workforce diversity disclosure fundamentals","0.00","2026-06-20 21:02:38+00"
"dd0f1d0321186c295ee8ec945f5e4602","PT_00345-CSI-2025_B.13","PT_00345","Cheng Shin Rubber","Public","TW0002105004","3003006VZBNKJZLNJ718","TWN","East Asia & Pacific","Taiwan, China","C2211","Motor Vehicles & Parts",,,,,"SO","Social","CSI","Social Benchmark","CSI-2025","CSI","Social Benchmark","2025","B","Providing and promoting decent work","13","Workforce diversity disclosure fundamentals","0.00","2026-06-20 21:02:38+00"
"f81c4dd48a293c5047216eeb503db341","PT_00855-CSI-2025_B.13","PT_00855","Honda Motor","Public","JP3854600008","549300P7ZYCQJ36CCS16","JPN","East Asia & Pacific","Japan","C2910","Motor Vehicles & Parts","t","t","t",,"SO","Social","CSI","Social Benchmark","CSI-2025","CSI","Social Benchmark","2025","B","Providing and promoting decent work","13","Workforce diversity disclosure fundamentals","0.33","2026-06-20 21:02:38+00"
"5c544126a1f799d089819be841c8ab8e","PT_00880-CSI-2025_B.13","PT_00880","Hyundai Motor","Public","KR7005380001","9884004RQX8PRBXQ8S60","KOR","East Asia & Pacific","Korea, Rep.","C2910","Motor Vehicles & Parts","t","t",,,"SO","Social","CSI","Social Benchmark","CSI-2025","CSI","Social Benchmark","2025","B","Providing and promoting decent work","13","Workforce diversity disclosure fundamentals","0.33","2026-06-20 21:02:38+00"
"029f98e7813e3e3a854f95637a3c13b0","PT_01139-CSI-2025_B.09","PT_01139","Mazda","Public","JP3868400007","52990044YZJLICDQKK92","JPN","East Asia & Pacific","Japan","C2910","Motor Vehicles & Parts","t","t","t",,"SO","Social","CSI","Social Benchmark","CSI-2025","CSI","Social Benchmark","2025","B","Providing and promoting decent work","09","Health and safety fundamentals","0.00","2026-06-20 21:02:38+00"
"5f7db829ea12f65449adabddc348fd35","PT_01518-CSI-2025_B.13","PT_01518","SAIC Motor","Public","CNE000000TY6","30030001QBC7EXJJGT71","CHN","East Asia & Pacific","China","C2910","Motor Vehicles & Parts",,"t",,,"SO","Social","CSI","Social Benchmark","CSI-2025","CSI","Social Benchmark","2025","B","Providing and promoting decent work","13","Workforce diversity disclosure fundamentals","0.67","2026-06-20 21:02:38+00"
"ed3f97b7d4cd78d3786c7b4445b93fc8","PT_01139-CSI-2025_B.13","PT_01139","Mazda","Public","JP3868400007","52990044YZJLICDQKK92","JPN","East Asia & Pacific","Japan","C2910","Motor Vehicles & Parts","t","t","t",,"SO","Social","CSI","Social Benchmark","CSI-2025","CSI","Social Benchmark","2025","B","Providing and promoting decent work","13","Workforce diversity disclosure fundamentals","0.00","2026-06-20 21:02:38+00"
"7e7895bb6b6bfc84098e6a33a6e89c21","PT_01360-CSI-2025_B.13","PT_01360","PACCAR","Public","US6937181088","KDTEY8BWE486IKZ3CC07","USA","North America","United States","C2910","Motor Vehicles & Parts","t","t","t",,"SO","Social","CSI","Social Benchmark","CSI-2025","CSI","Social Benchmark","2025","B","Providing and promoting decent work","13","Workforce diversity disclosure fundamentals","0.00","2026-06-20 21:02:38+00"
"db8aa8627dcbbe45820eef644773af2e","PT_00705-CSI-2025_B.13","PT_00705","Ford","Public","US3453708600","20S05OYHG0MQM4VUIC57","USA","North America","United States","C2910","Motor Vehicles & Parts","t","t","t",,"SO","Social","CSI","Social Benchmark","CSI-2025","CSI","Social Benchmark","2025","B","Providing and promoting decent work","13","Workforce diversity disclosure fundamentals","0.33","2026-06-20 21:02:38+00"
"d38becc1e17ac4e345b97cf1e2151fcc","PT_02548-CSI-2025_B.14","PT_02548","Mercedes-Benz","Public","DE0007100000","529900R27DL06UVNT076","DEU","Europe & Central Asia","Germany","C2910","Motor Vehicles & Parts","t","t","t","t","SO","Social","CSI","Social Benchmark","CSI-2025","CSI","Social Benchmark","2025","B","Providing and promoting decent work","14","Gender equality and women’s empowerment fundamentals","0.75","2026-06-20 21:02:38+00"
"567cee2f1010ca510a30ae76e90e10eb","PT_00816-CSI-2025_B.13","PT_00816","Hankook Tire & Technology","Public","KR7161390000","9884001BIEVM09M7AH02","KOR","East Asia & Pacific","Korea, Rep.","C2211","Motor Vehicles & Parts","t","t",,,"SO","Social","CSI","Social Benchmark","CSI-2025","CSI","Social Benchmark","2025","B","Providing and promoting decent work","13","Workforce diversity disclosure fundamentals","0.33","2026-06-20 21:02:38+00"
"a8c3b6a9dfb3720da18528f89b719daf","PT_01678-CSI-2025_B.14","PT_01678","Subaru Corporation","Public","JP3814800003","549300N244BVAEE6HH86","JPN","East Asia & Pacific","Japan","C2910","Motor Vehicles & Parts","t","t","t",,"SO","Social","CSI","Social Benchmark","CSI-2025","CSI","Social Benchmark","2025","B","Providing and promoting decent work","14","Gender equality and women’s empowerment fundamentals","0.25","2026-06-20 21:02:38+00"
"6ac20b733f41ee82e34db8cbff415139","PT_01703-CSI-2025_B.14","PT_01703","Suzuki","Public","JP3397200001","353800D83H0V3ZV1SV24","JPN","East Asia & Pacific","Japan","C2910","Motor Vehicles & Parts","t","t","t",,"SO","Social","CSI","Social Benchmark","CSI-2025","CSI","Social Benchmark","2025","B","Providing and promoting decent work","14","Gender equality and women’s empowerment fundamentals","0.25","2026-06-20 21:02:38+00"
"5c3582460a45c94ad990125c63c2c015","PT_02727-CSI-2025_B.14","PT_02727","Scania","Private",,"52990000AKKX75BMWB43","SWE","Europe & Central Asia","Sweden","C2910","Motor Vehicles & Parts","t",,,"t","SO","Social","CSI","Social Benchmark","CSI-2025","CSI","Social Benchmark","2025","B","Providing and promoting decent work","14","Gender equality and women’s empowerment fundamentals","0.25","2026-06-20 21:02:38+00"
"d187417d6e800131e9a3dc5867d8f7db","PT_02726-CSI-2025_B.14","PT_02726","Daimler Truck","Public","DE000DTR0CK8","529900PW78JIYOUBSR24","DEU","Europe & Central Asia","Germany","C2910","Motor Vehicles & Parts","t","t","t","t","SO","Social","CSI","Social Benchmark","CSI-2025","CSI","Social Benchmark","2025","B","Providing and promoting decent work","14","Gender equality and women’s empowerment fundamentals","0.25","2026-06-20 21:02:38+00"
"164cd6661520ebe9f817223da9ac5037","PT_00855-CSI-2025_B.14","PT_00855","Honda Motor","Public","JP3854600008","549300P7ZYCQJ36CCS16","JPN","East Asia & Pacific","Japan","C2910","Motor Vehicles & Parts","t","t","t",,"SO","Social","CSI","Social Benchmark","CSI-2025","CSI","Social Benchmark","2025","B","Providing and promoting decent work","14","Gender equality and women’s empowerment fundamentals","0.25","2026-06-20 21:02:38+00"
"71bde31010787769843ed70adc34a8b0","PT_00261-CSI-2025_B.14","PT_00261","BMW","Public","DE0005190003","YEH5ZCD6E441RHVHD759","DEU","Europe & Central Asia","Germany","C2910","Motor Vehicles & Parts","t","t","t","t","SO","Social","CSI","Social Benchmark","CSI-2025","CSI","Social Benchmark","2025","B","Providing and promoting decent work","14","Gender equality and women’s empowerment fundamentals","0.25","2026-06-20 21:02:38+00"
"50890b4c318a5f7911d9d178cdfaa9f7","PT_02007-CSI-2025_B.14","PT_02007","Volkswagen","Public","DE0007664039","529900NNUPAGGOMPXZ31","DEU","Europe & Central Asia","Germany","C2910","Motor Vehicles & Parts","t","t","t","t","SO","Social","CSI","Social Benchmark","CSI-2025","CSI","Social Benchmark","2025","B","Providing and promoting decent work","14","Gender equality and women’s empowerment fundamentals","0.50","2026-06-20 21:02:38+00"
"c1c6ae247345bf002037c2074c2f8be4","PT_00290-CSI-2025_B.14","PT_00290","BYD","Public","CNE100001526","5299001O3LAFGRPZ3Y63","CHN","East Asia & Pacific","China","C2910","Motor Vehicles & Parts",,"t",,,"SO","Social","CSI","Social Benchmark","CSI-2025","CSI","Social Benchmark","2025","B","Providing and promoting decent work","14","Gender equality and women’s empowerment fundamentals","0.00","2026-06-20 21:02:38+00"
"ff7d98d70269509be3432e6ab3f8de35","PT_01139-CSI-2025_B.14","PT_01139","Mazda","Public","JP3868400007","52990044YZJLICDQKK92","JPN","East Asia & Pacific","Japan","C2910","Motor Vehicles & Parts","t","t","t",,"SO","Social","CSI","Social Benchmark","CSI-2025","CSI","Social Benchmark","2025","B","Providing and promoting decent work","14","Gender equality and women’s empowerment fundamentals","0.25","2026-06-20 21:02:38+00"
"945c7689d0005b1fc72563908aa23347","PT_01116-CSI-2025_B.14","PT_01116","Mahindra and Mahindra","Public","INE101A01026","3358003B573EV4KB4Z02","IND","South Asia","India","C2910","Motor Vehicles & Parts",,"t",,,"SO","Social","CSI","Social Benchmark","CSI-2025","CSI","Social Benchmark","2025","B","Providing and promoting decent work","14","Gender equality and women’s empowerment fundamentals","0.00","2026-06-20 21:02:38+00"
"f540d9ff8cdf3febf1a30bb96f0da903","PT_01168-CSI-2025_B.14","PT_01168","Michelin","Public","FR0000121261","549300SOSI58J6VIW052","FRA","Europe & Central Asia","France","C2211","Motor Vehicles & Parts","t","t","t","t","SO","Social","CSI","Social Benchmark","CSI-2025","CSI","Social Benchmark","2025","B","Providing and promoting decent work","14","Gender equality and women’s empowerment fundamentals","0.75","2026-06-20 21:02:38+00"
"d1fd11d65212cb8a8b8530c41afc1233","PT_01995-CSI-2025_B.14","PT_01995","Zhongce Rubber Group","Private",,"3003009F43G96IGM7906","CHN","East Asia & Pacific","China","C2211","Motor Vehicles & Parts",,"t",,,"SO","Social","CSI","Social Benchmark","CSI-2025","CSI","Social Benchmark","2025","B","Providing and promoting decent work","14","Gender equality and women’s empowerment fundamentals","0.00","2026-06-20 21:02:38+00"
"131771ec03086ba193f0fdf3794b2581","PT_01978-CSI-2025_B.14","PT_01978","Yokohama Rubber","Public","JP3955800002","52990036XNWY2FMYWB76","JPN","East Asia & Pacific","Japan","C2211","Motor Vehicles & Parts","t","t","t",,"SO","Social","CSI","Social Benchmark","CSI-2025","CSI","Social Benchmark","2025","B","Providing and promoting decent work","14","Gender equality and women’s empowerment fundamentals","0.25","2026-06-20 21:02:38+00"
"1b7a9551f6dd1762f97efa557b1b45d0","PT_02008-CSI-2025_B.14","PT_02008","Tata Motors","Public","INE155A01022","335800BO2LHWJJ8TZI32","IND","South Asia","India","C2910","Motor Vehicles & Parts",,"t",,,"SO","Social","CSI","Social Benchmark","CSI-2025","CSI","Social Benchmark","2025","B","Providing and promoting decent work","14","Gender equality and women’s empowerment fundamentals","0.25","2026-06-20 21:02:38+00"
"75830a3d834c8326a8eccf2061e6c8a5","PT_01511-CSI-2025_B.14","PT_01511","Ryder System","Public","US7835491082","ZXJ6Y2OSPZXIVGRILD15","USA","North America","United States","N7710","Motor Vehicles & Parts","t","t","t",,"SO","Social","CSI","Social Benchmark","CSI-2025","CSI","Social Benchmark","2025","B","Providing and promoting decent work","14","Gender equality and women’s empowerment fundamentals","0.00","2026-06-20 21:02:38+00"
"ae44eb242363ace03fa23be49df1e6ee","PT_00472-CSI-2025_B.14","PT_00472","Continental","Public","DE0005439004","529900A7YD9C0LLXM621","DEU","Europe & Central Asia","Germany","C2211","Motor Vehicles & Parts","t","t","t","t","SO","Social","CSI","Social Benchmark","CSI-2025","CSI","Social Benchmark","2025","B","Providing and promoting decent work","14","Gender equality and women’s empowerment fundamentals","0.50","2026-06-20 21:02:38+00"
"ebeb369aa3874fb9ded4fa344d3f41af","PT_01409-CSI-2025_B.14","PT_01409","Pirelli & C","Public","IT0005278236","815600A0C9AFC1F2A709","ITA","Europe & Central Asia","Italy","C2211","Motor Vehicles & Parts","t","t","t","t","SO","Social","CSI","Social Benchmark","CSI-2025","CSI","Social Benchmark","2025","B","Providing and promoting decent work","14","Gender equality and women’s empowerment fundamentals","0.50","2026-06-20 21:02:38+00"
"ac84d741985871717f9a2ac0301fe823","PT_01280-CSI-2025_B.14","PT_01280","Nissan Motor","Public","JP3672400003","353800DRBDH1LUTNAY26","JPN","East Asia & Pacific","Japan","C2910","Motor Vehicles & Parts","t","t","t",,"SO","Social","CSI","Social Benchmark","CSI-2025","CSI","Social Benchmark","2025","B","Providing and promoting decent work","14","Gender equality and women’s empowerment fundamentals","0.00","2026-06-20 21:02:38+00"
"8d75a62d610b289e6ec5b9836f283dbb","PT_01476-CSI-2025_C.15","PT_01476","Renault","Public","FR0000131906","969500F7JLTX36OUI695","FRA","Europe & Central Asia","France","C2910","Motor Vehicles & Parts","t","t","t","t","SO","Social","CSI","Social Benchmark","CSI-2025","CSI","Social Benchmark","2025","C","Acting ethically","15","Personal data protection fundamentals","0.50","2026-06-20 21:02:38+00"
"fb5bf66e6322a42d91e53679602a1cbd","PT_01678-CSI-2025_C.15","PT_01678","Subaru Corporation","Public","JP3814800003","549300N244BVAEE6HH86","JPN","East Asia & Pacific","Japan","C2910","Motor Vehicles & Parts","t","t","t",,"SO","Social","CSI","Social Benchmark","CSI-2025","CSI","Social Benchmark","2025","C","Acting ethically","15","Personal data protection fundamentals","0.50","2026-06-20 21:02:38+00"
"ec94a117dfe8e1849a6b43e78674743a","PT_02152-CSI-2025_B.12","PT_02152","Chery Holding Group","Private",,"300300F08E6VWZVSVM95","CHN","East Asia & Pacific","China","C2910","Motor Vehicles & Parts",,"t",,,"SO","Social","CSI","Social Benchmark","CSI-2025","CSI","Social Benchmark","2025","B","Providing and promoting decent work","12","Collective bargaining fundamentals","0.00","2026-06-20 21:02:38+00"
"2f8acfa07d90c0dd6d26d96e1aeb7e6d","PT_02109-CSI-2025_B.12","PT_02109","Volvo","Public","SE0000115446","549300HGV012CNC8JD22","SWE","Europe & Central Asia","Sweden","C2910","Motor Vehicles & Parts","t",,,"t","SO","Social","CSI","Social Benchmark","CSI-2025","CSI","Social Benchmark","2025","B","Providing and promoting decent work","12","Collective bargaining fundamentals","0.50","2026-06-20 21:02:38+00"
"8a09d960d21456705df83c842506690e","PT_02151-CSI-2025_B.12","PT_02151","Stellantis","Public","NL00150001Q9","549300LKT9PW7ZIBDF31","NLD","Europe & Central Asia","Netherlands","C2910","Motor Vehicles & Parts","t",,,"t","SO","Social","CSI","Social Benchmark","CSI-2025","CSI","Social Benchmark","2025","B","Providing and promoting decent work","12","Collective bargaining fundamentals","0.50","2026-06-20 21:02:38+00"
"e4ce969360d027bd076f82a15001b344","PT_02548-CSI-2025_B.12","PT_02548","Mercedes-Benz","Public","DE0007100000","529900R27DL06UVNT076","DEU","Europe & Central Asia","Germany","C2910","Motor Vehicles & Parts","t","t","t","t","SO","Social","CSI","Social Benchmark","CSI-2025","CSI","Social Benchmark","2025","B","Providing and promoting decent work","12","Collective bargaining fundamentals","0.00","2026-06-20 21:02:38+00"
"25e0f06862b2db74fc9cd13ad2f42f91","PT_00880-CSI-2025_B.12","PT_00880","Hyundai Motor","Public","KR7005380001","9884004RQX8PRBXQ8S60","KOR","East Asia & Pacific","Korea, Rep.","C2910","Motor Vehicles & Parts","t","t",,,"SO","Social","CSI","Social Benchmark","CSI-2025","CSI","Social Benchmark","2025","B","Providing and promoting decent work","12","Collective bargaining fundamentals","0.00","2026-06-20 21:02:38+00"
"af74047a063baff2b71372c69737e1fb","PT_00855-CSI-2025_B.12","PT_00855","Honda Motor","Public","JP3854600008","549300P7ZYCQJ36CCS16","JPN","East Asia & Pacific","Japan","C2910","Motor Vehicles & Parts","t","t","t",,"SO","Social","CSI","Social Benchmark","CSI-2025","CSI","Social Benchmark","2025","B","Providing and promoting decent work","12","Collective bargaining fundamentals","0.00","2026-06-20 21:02:38+00"
"ed34f553785a6e43abec97c8084d7cb2","PT_02726-CSI-2025_B.12","PT_02726","Daimler Truck","Public","DE000DTR0CK8","529900PW78JIYOUBSR24","DEU","Europe & Central Asia","Germany","C2910","Motor Vehicles & Parts","t","t","t","t","SO","Social","CSI","Social Benchmark","CSI-2025","CSI","Social Benchmark","2025","B","Providing and promoting decent work","12","Collective bargaining fundamentals","0.00","2026-06-20 21:02:38+00"
"c653b04eca9154cf75eb65ede27c4c16","PT_02727-CSI-2025_B.12","PT_02727","Scania","Private",,"52990000AKKX75BMWB43","SWE","Europe & Central Asia","Sweden","C2910","Motor Vehicles & Parts","t",,,"t","SO","Social","CSI","Social Benchmark","CSI-2025","CSI","Social Benchmark","2025","B","Providing and promoting decent work","12","Collective bargaining fundamentals","0.50","2026-06-20 21:02:38+00"
"7ea508518f7b61e55a48057bcf2f97d3","PT_00816-CSI-2025_B.12","PT_00816","Hankook Tire & Technology","Public","KR7161390000","9884001BIEVM09M7AH02","KOR","East Asia & Pacific","Korea, Rep.","C2211","Motor Vehicles & Parts","t","t",,,"SO","Social","CSI","Social Benchmark","CSI-2025","CSI","Social Benchmark","2025","B","Providing and promoting decent work","12","Collective bargaining fundamentals","0.00","2026-06-20 21:02:38+00"
"c633e2f9daf6e0c89774f32e5a6a83e9","PT_00763-CSI-2025_B.12","PT_00763","Goodyear Tire & Rubber","Public","US3825501014","5493002BI0S2ZQUY3437","USA","North America","United States","C2211","Motor Vehicles & Parts","t","t","t",,"SO","Social","CSI","Social Benchmark","CSI-2025","CSI","Social Benchmark","2025","B","Providing and promoting decent work","12","Collective bargaining fundamentals","0.50","2026-06-20 21:02:38+00"
"eedcec5fec8842061b09ca0f65c7a7cb","PT_01995-CSI-2025_B.12","PT_01995","Zhongce Rubber Group","Private",,"3003009F43G96IGM7906","CHN","East Asia & Pacific","China","C2211","Motor Vehicles & Parts",,"t",,,"SO","Social","CSI","Social Benchmark","CSI-2025","CSI","Social Benchmark","2025","B","Providing and promoting decent work","12","Collective bargaining fundamentals","0.00","2026-06-20 21:02:38+00"
"5d9458910fdc5a9c9a9a71d03274bacb","PT_01978-CSI-2025_B.12","PT_01978","Yokohama Rubber","Public","JP3955800002","52990036XNWY2FMYWB76","JPN","East Asia & Pacific","Japan","C2211","Motor Vehicles & Parts","t","t","t",,"SO","Social","CSI","Social Benchmark","CSI-2025","CSI","Social Benchmark","2025","B","Providing and promoting decent work","12","Collective bargaining fundamentals","0.50","2026-06-20 21:02:38+00"
"5d6f93d37885797863c2d4dde6794043","PT_01678-CSI-2025_B.12","PT_01678","Subaru Corporation","Public","JP3814800003","549300N244BVAEE6HH86","JPN","East Asia & Pacific","Japan","C2910","Motor Vehicles & Parts","t","t","t",,"SO","Social","CSI","Social Benchmark","CSI-2025","CSI","Social Benchmark","2025","B","Providing and promoting decent work","12","Collective bargaining fundamentals","0.00","2026-06-20 21:02:38+00"
"90394ab5170fb8fbd5d960da36b57efc","PT_02008-CSI-2025_B.12","PT_02008","Tata Motors","Public","INE155A01022","335800BO2LHWJJ8TZI32","IND","South Asia","India","C2910","Motor Vehicles & Parts",,"t",,,"SO","Social","CSI","Social Benchmark","CSI-2025","CSI","Social Benchmark","2025","B","Providing and promoting decent work","12","Collective bargaining fundamentals","0.00","2026-06-20 21:02:38+00"
"b118a9eaf6c9bdeb9951e6c6f11419a6","PT_00236-CSI-2025_B.13","PT_00236","BAIC","Public","CNE100001TJ4","300300X7ND2JNR96BA87","CHN","East Asia & Pacific","China","C2910","Motor Vehicles & Parts",,"t",,,"SO","Social","CSI","Social Benchmark","CSI-2025","CSI","Social Benchmark","2025","B","Providing and promoting decent work","13","Workforce diversity disclosure fundamentals","0.67","2026-06-20 21:02:38+00"
"2ec8aeb54ed6204ed31121f4056d3758","PT_00261-CSI-2025_B.13","PT_00261","BMW","Public","DE0005190003","YEH5ZCD6E441RHVHD759","DEU","Europe & Central Asia","Germany","C2910","Motor Vehicles & Parts","t","t","t","t","SO","Social","CSI","Social Benchmark","CSI-2025","CSI","Social Benchmark","2025","B","Providing and promoting decent work","13","Workforce diversity disclosure fundamentals","0.67","2026-06-20 21:02:38+00"
"691718b4996afb400e378bd3fd6a17f7","PT_00367-CSI-2025_B.13","PT_00367","FAW","Government",,"300300MX7XTA1YIALI60","CHN","East Asia & Pacific","China","C2910","Motor Vehicles & Parts",,"t",,,"SO","Social","CSI","Social Benchmark","CSI-2025","CSI","Social Benchmark","2025","B","Providing and promoting decent work","13","Workforce diversity disclosure fundamentals","0.00","2026-06-20 21:02:38+00"
"5246081b5e622a6b52a8a986f587bbb2","PT_00341-CSI-2025_B.13","PT_00341","Changan Automobile","Public","CNE000000R36","300300WKFSBX9P5ZOM25","CHN","East Asia & Pacific","China","C2910","Motor Vehicles & Parts",,"t",,,"SO","Social","CSI","Social Benchmark","CSI-2025","CSI","Social Benchmark","2025","B","Providing and promoting decent work","13","Workforce diversity disclosure fundamentals","0.00","2026-06-20 21:02:38+00"
"aeacf442e423fff909a3a41d3da69a96","PT_02152-CSI-2025_B.13","PT_02152","Chery Holding Group","Private",,"300300F08E6VWZVSVM95","CHN","East Asia & Pacific","China","C2910","Motor Vehicles & Parts",,"t",,,"SO","Social","CSI","Social Benchmark","CSI-2025","CSI","Social Benchmark","2025","B","Providing and promoting decent work","13","Workforce diversity disclosure fundamentals","0.00","2026-06-20 21:02:38+00"
"74e01c32849f19b12367be566dd4529e","PT_02548-CSI-2025_B.13","PT_02548","Mercedes-Benz","Public","DE0007100000","529900R27DL06UVNT076","DEU","Europe & Central Asia","Germany","C2910","Motor Vehicles & Parts","t","t","t","t","SO","Social","CSI","Social Benchmark","CSI-2025","CSI","Social Benchmark","2025","B","Providing and promoting decent work","13","Workforce diversity disclosure fundamentals","0.67","2026-06-20 21:02:38+00"
"818303a3887ffade3f165e564a2a0f16","PT_01280-CSI-2025_B.13","PT_01280","Nissan Motor","Public","JP3672400003","353800DRBDH1LUTNAY26","JPN","East Asia & Pacific","Japan","C2910","Motor Vehicles & Parts","t","t","t",,"SO","Social","CSI","Social Benchmark","CSI-2025","CSI","Social Benchmark","2025","B","Providing and promoting decent work","13","Workforce diversity disclosure fundamentals","0.33","2026-06-20 21:02:38+00"
"e36b9c1d29a8b63d82b029b2aacf3d0a","PT_02038-CSI-2025_B.13","PT_02038","Kia","Public","KR7000270009","988400V8MJK9N7OI5X76","KOR","East Asia & Pacific","Korea, Rep.","C2910","Motor Vehicles & Parts","t","t",,,"SO","Social","CSI","Social Benchmark","CSI-2025","CSI","Social Benchmark","2025","B","Providing and promoting decent work","13","Workforce diversity disclosure fundamentals","0.67","2026-06-20 21:02:38+00"
"4279dab22258c49aabcd54b6de423825","PT_00740-CSI-2025_B.13","PT_00740","General Motors","Public","US37045V1008","54930070NSV60J38I987","USA","North America","United States","C2910","Motor Vehicles & Parts","t","t","t",,"SO","Social","CSI","Social Benchmark","CSI-2025","CSI","Social Benchmark","2025","B","Providing and promoting decent work","13","Workforce diversity disclosure fundamentals","0.67","2026-06-20 21:02:38+00"
"53775f03bfe32d3df517b8f130ae4cd3","PT_02008-CSI-2025_B.13","PT_02008","Tata Motors","Public","INE155A01022","335800BO2LHWJJ8TZI32","IND","South Asia","India","C2910","Motor Vehicles & Parts",,"t",,,"SO","Social","CSI","Social Benchmark","CSI-2025","CSI","Social Benchmark","2025","B","Providing and promoting decent work","13","Workforce diversity disclosure fundamentals","0.33","2026-06-20 21:02:38+00"
"5364e61feffd83cac395af879e519f85","PT_02037-CSI-2025_B.13","PT_02037","JAC Motors","Public","CNE0000018M9","300300KQABCMFKN2E931","CHN","East Asia & Pacific","China","C2910","Motor Vehicles & Parts",,"t",,,"SO","Social","CSI","Social Benchmark","CSI-2025","CSI","Social Benchmark","2025","B","Providing and promoting decent work","13","Workforce diversity disclosure fundamentals","0.00","2026-06-20 21:02:38+00"
"aece6b48aa1e0de776206dc022e9c027","PT_02009-CSI-2025_B.13","PT_02009","Mitsubishi Motors Corporation","Public","JP3899800001","5299006ZTN6MO1N5BR16","JPN","East Asia & Pacific","Japan","C2910","Motor Vehicles & Parts","t","t","t",,"SO","Social","CSI","Social Benchmark","CSI-2025","CSI","Social Benchmark","2025","B","Providing and promoting decent work","13","Workforce diversity disclosure fundamentals","0.33","2026-06-20 21:02:38+00"
"ae15d773ac2d883c8b81cc92ee46cda4","PT_01978-CSI-2025_B.13","PT_01978","Yokohama Rubber","Public","JP3955800002","52990036XNWY2FMYWB76","JPN","East Asia & Pacific","Japan","C2211","Motor Vehicles & Parts","t","t","t",,"SO","Social","CSI","Social Benchmark","CSI-2025","CSI","Social Benchmark","2025","B","Providing and promoting decent work","13","Workforce diversity disclosure fundamentals","0.33","2026-06-20 21:02:38+00"
"09c197ff72f03ca5ba0ff13685f4740f","PT_02007-CSI-2025_B.13","PT_02007","Volkswagen","Public","DE0007664039","529900NNUPAGGOMPXZ31","DEU","Europe & Central Asia","Germany","C2910","Motor Vehicles & Parts","t","t","t","t","SO","Social","CSI","Social Benchmark","CSI-2025","CSI","Social Benchmark","2025","B","Providing and promoting decent work","13","Workforce diversity disclosure fundamentals","0.67","2026-06-20 21:02:38+00"
"8977d93a4af288f4791a41b2b9b27b14","PT_00763-CSI-2025_B.13","PT_00763","Goodyear Tire & Rubber","Public","US3825501014","5493002BI0S2ZQUY3437","USA","North America","United States","C2211","Motor Vehicles & Parts","t","t","t",,"SO","Social","CSI","Social Benchmark","CSI-2025","CSI","Social Benchmark","2025","B","Providing and promoting decent work","13","Workforce diversity disclosure fundamentals","0.67","2026-06-20 21:02:38+00"
"35a8465207d23be1a1f5551c508f8eca","PT_00804-CSI-2025_B.13","PT_00804","GAC Group","Public","CNE100001NQ2","5299005KY9BJO3ZE6A37","CHN","East Asia & Pacific","China","C2910","Motor Vehicles & Parts",,"t",,,"SO","Social","CSI","Social Benchmark","CSI-2025","CSI","Social Benchmark","2025","B","Providing and promoting decent work","13","Workforce diversity disclosure fundamentals","0.00","2026-06-20 21:02:38+00"
"3483f3d914915829657fc665b8e39b3b","PT_01812-CSI-2025_B.14","PT_01812","Toyota","Public","JP3633400001","5493006W3QUS5LMH6R84","JPN","East Asia & Pacific","Japan","C2910","Motor Vehicles & Parts","t","t","t",,"SO","Social","CSI","Social Benchmark","CSI-2025","CSI","Social Benchmark","2025","B","Providing and promoting decent work","14","Gender equality and women’s empowerment fundamentals","0.25","2026-06-20 21:02:38+00"
"2426120792d3fb1c5299038b179d344d","PT_00771-CSI-2025_B.13","PT_00771","Great Wall Motor Company","Public","CNE1000018V8","5299002PZDL54CMG5I32","CHN","East Asia & Pacific","China","C2910","Motor Vehicles & Parts",,"t",,,"SO","Social","CSI","Social Benchmark","CSI-2025","CSI","Social Benchmark","2025","B","Providing and promoting decent work","13","Workforce diversity disclosure fundamentals","0.67","2026-06-20 21:02:38+00"
"fbaaa6d9c77db7dce8ff9085f9c52483","PT_02151-CSI-2025_B.14","PT_02151","Stellantis","Public","NL00150001Q9","549300LKT9PW7ZIBDF31","NLD","Europe & Central Asia","Netherlands","C2910","Motor Vehicles & Parts","t",,,"t","SO","Social","CSI","Social Benchmark","CSI-2025","CSI","Social Benchmark","2025","B","Providing and promoting decent work","14","Gender equality and women’s empowerment fundamentals","0.50","2026-06-20 21:02:38+00"
"bec9169621eaa8362583637ff75c7382","PT_02152-CSI-2025_B.14","PT_02152","Chery Holding Group","Private",,"300300F08E6VWZVSVM95","CHN","East Asia & Pacific","China","C2910","Motor Vehicles & Parts",,"t",,,"SO","Social","CSI","Social Benchmark","CSI-2025","CSI","Social Benchmark","2025","B","Providing and promoting decent work","14","Gender equality and women’s empowerment fundamentals","0.00","2026-06-20 21:02:38+00"
"d15dcb269fd9672a422ae7beb8ef3a2f","PT_00367-CSI-2025_B.14","PT_00367","FAW","Government",,"300300MX7XTA1YIALI60","CHN","East Asia & Pacific","China","C2910","Motor Vehicles & Parts",,"t",,,"SO","Social","CSI","Social Benchmark","CSI-2025","CSI","Social Benchmark","2025","B","Providing and promoting decent work","14","Gender equality and women’s empowerment fundamentals","0.00","2026-06-20 21:02:38+00"
"a053e6d45b1de3c71044e2bbf8229a93","PT_00236-CSI-2025_B.14","PT_00236","BAIC","Public","CNE100001TJ4","300300X7ND2JNR96BA87","CHN","East Asia & Pacific","China","C2910","Motor Vehicles & Parts",,"t",,,"SO","Social","CSI","Social Benchmark","CSI-2025","CSI","Social Benchmark","2025","B","Providing and promoting decent work","14","Gender equality and women’s empowerment fundamentals","0.00","2026-06-20 21:02:38+00"
"fecab7737d77cfa4d836af50b1bf0950","PT_00275-CSI-2025_B.14","PT_00275","Bridgestone","Public","JP3830800003","549300DHPOF90OYYD780","JPN","East Asia & Pacific","Japan","C2211","Motor Vehicles & Parts","t","t","t",,"SO","Social","CSI","Social Benchmark","CSI-2025","CSI","Social Benchmark","2025","B","Providing and promoting decent work","14","Gender equality and women’s empowerment fundamentals","0.00","2026-06-20 21:02:38+00"
"013294ea0280535a9edf37c2e4b943df","PT_00345-CSI-2025_B.14","PT_00345","Cheng Shin Rubber","Public","TW0002105004","3003006VZBNKJZLNJ718","TWN","East Asia & Pacific","Taiwan, China","C2211","Motor Vehicles & Parts",,,,,"SO","Social","CSI","Social Benchmark","CSI-2025","CSI","Social Benchmark","2025","B","Providing and promoting decent work","14","Gender equality and women’s empowerment fundamentals","0.00","2026-06-20 21:02:38+00"
"ed512c1e118caf0fb3020f9d31e66aa5","PT_01993-CSI-2025_B.14","PT_01993","Geely Holding","Private",,"549300YS3T1KVQ2SNI84","CHN","East Asia & Pacific","China","C2910","Motor Vehicles & Parts",,"t",,,"SO","Social","CSI","Social Benchmark","CSI-2025","CSI","Social Benchmark","2025","B","Providing and promoting decent work","14","Gender equality and women’s empowerment fundamentals","0.00","2026-06-20 21:02:38+00"
"356e2fe9ed13e015e9efe8909272f26e","PT_00572-CSI-2025_B.14","PT_00572","Dongfeng Motor Group","Public","CNE100000312","300300XR7ZL54H8GBA06","CHN","East Asia & Pacific","China","C2910","Motor Vehicles & Parts",,"t",,,"SO","Social","CSI","Social Benchmark","CSI-2025","CSI","Social Benchmark","2025","B","Providing and promoting decent work","14","Gender equality and women’s empowerment fundamentals","0.00","2026-06-20 21:02:38+00"
"a13147663f8b272572c5f4e10f61755e","PT_01518-CSI-2025_B.14","PT_01518","SAIC Motor","Public","CNE000000TY6","30030001QBC7EXJJGT71","CHN","East Asia & Pacific","China","C2910","Motor Vehicles & Parts",,"t",,,"SO","Social","CSI","Social Benchmark","CSI-2025","CSI","Social Benchmark","2025","B","Providing and promoting decent work","14","Gender equality and women’s empowerment fundamentals","0.00","2026-06-20 21:02:38+00"
"ebc081cfeea52afca14f9e68bf03b184","PT_01476-CSI-2025_B.14","PT_01476","Renault","Public","FR0000131906","969500F7JLTX36OUI695","FRA","Europe & Central Asia","France","C2910","Motor Vehicles & Parts","t","t","t","t","SO","Social","CSI","Social Benchmark","CSI-2025","CSI","Social Benchmark","2025","B","Providing and promoting decent work","14","Gender equality and women’s empowerment fundamentals","0.50","2026-06-20 21:02:38+00"
"e66ab775c4e8ecb87103a4644a1e249d","PT_02152-CSI-2025_C.15","PT_02152","Chery Holding Group","Private",,"300300F08E6VWZVSVM95","CHN","East Asia & Pacific","China","C2910","Motor Vehicles & Parts",,"t",,,"SO","Social","CSI","Social Benchmark","CSI-2025","CSI","Social Benchmark","2025","C","Acting ethically","15","Personal data protection fundamentals","0.00","2026-06-20 21:02:38+00"
"38cfff1c54bed52960b388fb89b8afa9","PT_01511-CSI-2025_C.15","PT_01511","Ryder System","Public","US7835491082","ZXJ6Y2OSPZXIVGRILD15","USA","North America","United States","N7710","Motor Vehicles & Parts","t","t","t",,"SO","Social","CSI","Social Benchmark","CSI-2025","CSI","Social Benchmark","2025","C","Acting ethically","15","Personal data protection fundamentals","0.00","2026-06-20 21:02:38+00"
"d6b688abb31c2fd1f8e3ca81e0cc454a","PT_01703-CSI-2025_C.15","PT_01703","Suzuki","Public","JP3397200001","353800D83H0V3ZV1SV24","JPN","East Asia & Pacific","Japan","C2910","Motor Vehicles & Parts","t","t","t",,"SO","Social","CSI","Social Benchmark","CSI-2025","CSI","Social Benchmark","2025","C","Acting ethically","15","Personal data protection fundamentals","0.00","2026-06-20 21:02:38+00"
"43817ada9ff03464a17f2eaf702ddb4d","PT_00804-CSI-2025_C.15","PT_00804","GAC Group","Public","CNE100001NQ2","5299005KY9BJO3ZE6A37","CHN","East Asia & Pacific","China","C2910","Motor Vehicles & Parts",,"t",,,"SO","Social","CSI","Social Benchmark","CSI-2025","CSI","Social Benchmark","2025","C","Acting ethically","15","Personal data protection fundamentals","0.00","2026-06-20 21:02:38+00"
"9285d59caba5bc8268352fc53eaee951","PT_00275-CSI-2025_B.12","PT_00275","Bridgestone","Public","JP3830800003","549300DHPOF90OYYD780","JPN","East Asia & Pacific","Japan","C2211","Motor Vehicles & Parts","t","t","t",,"SO","Social","CSI","Social Benchmark","CSI-2025","CSI","Social Benchmark","2025","B","Providing and promoting decent work","12","Collective bargaining fundamentals","0.00","2026-06-20 21:02:38+00"
"fea0738c66d39c80b9159311627f6d82","PT_01476-CSI-2025_B.12","PT_01476","Renault","Public","FR0000131906","969500F7JLTX36OUI695","FRA","Europe & Central Asia","France","C2910","Motor Vehicles & Parts","t","t","t","t","SO","Social","CSI","Social Benchmark","CSI-2025","CSI","Social Benchmark","2025","B","Providing and promoting decent work","12","Collective bargaining fundamentals","0.50","2026-06-20 21:02:38+00"
"1b072e3e1e08fe2a50048735f66d81db","PT_01511-CSI-2025_B.12","PT_01511","Ryder System","Public","US7835491082","ZXJ6Y2OSPZXIVGRILD15","USA","North America","United States","N7710","Motor Vehicles & Parts","t","t","t",,"SO","Social","CSI","Social Benchmark","CSI-2025","CSI","Social Benchmark","2025","B","Providing and promoting decent work","12","Collective bargaining fundamentals","0.00","2026-06-20 21:02:38+00"
"0f214a441a668a244bae4ac8e9b91f74","PT_01360-CSI-2025_B.12","PT_01360","PACCAR","Public","US6937181088","KDTEY8BWE486IKZ3CC07","USA","North America","United States","C2910","Motor Vehicles & Parts","t","t","t",,"SO","Social","CSI","Social Benchmark","CSI-2025","CSI","Social Benchmark","2025","B","Providing and promoting decent work","12","Collective bargaining fundamentals","0.00","2026-06-20 21:02:38+00"
"3108231573aff170934bd4717f5f9400","PT_01409-CSI-2025_B.12","PT_01409","Pirelli & C","Public","IT0005278236","815600A0C9AFC1F2A709","ITA","Europe & Central Asia","Italy","C2211","Motor Vehicles & Parts","t","t","t","t","SO","Social","CSI","Social Benchmark","CSI-2025","CSI","Social Benchmark","2025","B","Providing and promoting decent work","12","Collective bargaining fundamentals","0.00","2026-06-20 21:02:38+00"
"9fb493b13133bf2a8db498f078d6312b","PT_01280-CSI-2025_B.12","PT_01280","Nissan Motor","Public","JP3672400003","353800DRBDH1LUTNAY26","JPN","East Asia & Pacific","Japan","C2910","Motor Vehicles & Parts","t","t","t",,"SO","Social","CSI","Social Benchmark","CSI-2025","CSI","Social Benchmark","2025","B","Providing and promoting decent work","12","Collective bargaining fundamentals","0.00","2026-06-20 21:02:38+00"
"a94f97dfb56ebb2d0e1dd3a065d77362","PT_01116-CSI-2025_B.12","PT_01116","Mahindra and Mahindra","Public","INE101A01026","3358003B573EV4KB4Z02","IND","South Asia","India","C2910","Motor Vehicles & Parts",,"t",,,"SO","Social","CSI","Social Benchmark","CSI-2025","CSI","Social Benchmark","2025","B","Providing and promoting decent work","12","Collective bargaining fundamentals","0.00","2026-06-20 21:02:38+00"
"58abe4968c26cad08ae9b1ca1eadf454","PT_01168-CSI-2025_B.12","PT_01168","Michelin","Public","FR0000121261","549300SOSI58J6VIW052","FRA","Europe & Central Asia","France","C2211","Motor Vehicles & Parts","t","t","t","t","SO","Social","CSI","Social Benchmark","CSI-2025","CSI","Social Benchmark","2025","B","Providing and promoting decent work","12","Collective bargaining fundamentals","0.00","2026-06-20 21:02:38+00"
"73a93cf3fdce54e48c65839b466b8e5f","PT_01139-CSI-2025_B.12","PT_01139","Mazda","Public","JP3868400007","52990044YZJLICDQKK92","JPN","East Asia & Pacific","Japan","C2910","Motor Vehicles & Parts","t","t","t",,"SO","Social","CSI","Social Benchmark","CSI-2025","CSI","Social Benchmark","2025","B","Providing and promoting decent work","12","Collective bargaining fundamentals","0.00","2026-06-20 21:02:38+00"
"33a34a853854792271b7e3c660798cda","PT_00740-CSI-2025_B.12","PT_00740","General Motors","Public","US37045V1008","54930070NSV60J38I987","USA","North America","United States","C2910","Motor Vehicles & Parts","t","t","t",,"SO","Social","CSI","Social Benchmark","CSI-2025","CSI","Social Benchmark","2025","B","Providing and promoting decent work","12","Collective bargaining fundamentals","0.00","2026-06-20 21:02:38+00"
"3942541924fb9aacdd20a37c49a5e7a7","PT_01518-CSI-2025_B.12","PT_01518","SAIC Motor","Public","CNE000000TY6","30030001QBC7EXJJGT71","CHN","East Asia & Pacific","China","C2910","Motor Vehicles & Parts",,"t",,,"SO","Social","CSI","Social Benchmark","CSI-2025","CSI","Social Benchmark","2025","B","Providing and promoting decent work","12","Collective bargaining fundamentals","0.50","2026-06-20 21:02:38+00"
"c04fd2c06084d3794b73baaf26dadce1","PT_00804-CSI-2025_B.12","PT_00804","GAC Group","Public","CNE100001NQ2","5299005KY9BJO3ZE6A37","CHN","East Asia & Pacific","China","C2910","Motor Vehicles & Parts",,"t",,,"SO","Social","CSI","Social Benchmark","CSI-2025","CSI","Social Benchmark","2025","B","Providing and promoting decent work","12","Collective bargaining fundamentals","0.00","2026-06-20 21:02:38+00"
"14e593919b708569a5415948fe0adb8e","PT_00771-CSI-2025_B.12","PT_00771","Great Wall Motor Company","Public","CNE1000018V8","5299002PZDL54CMG5I32","CHN","East Asia & Pacific","China","C2910","Motor Vehicles & Parts",,"t",,,"SO","Social","CSI","Social Benchmark","CSI-2025","CSI","Social Benchmark","2025","B","Providing and promoting decent work","12","Collective bargaining fundamentals","0.00","2026-06-20 21:02:38+00"
"205fc0e6b969d35c510944b0ce4fb048","PT_00705-CSI-2025_B.12","PT_00705","Ford","Public","US3453708600","20S05OYHG0MQM4VUIC57","USA","North America","United States","C2910","Motor Vehicles & Parts","t","t","t",,"SO","Social","CSI","Social Benchmark","CSI-2025","CSI","Social Benchmark","2025","B","Providing and promoting decent work","12","Collective bargaining fundamentals","1.00","2026-06-20 21:02:38+00"
"fb052a8c66e20127f7ff29138d979503","PT_02038-CSI-2025_B.12","PT_02038","Kia","Public","KR7000270009","988400V8MJK9N7OI5X76","KOR","East Asia & Pacific","Korea, Rep.","C2910","Motor Vehicles & Parts","t","t",,,"SO","Social","CSI","Social Benchmark","CSI-2025","CSI","Social Benchmark","2025","B","Providing and promoting decent work","12","Collective bargaining fundamentals","0.00","2026-06-20 21:02:38+00"
"af535094082d599263f2ae96f8000dc0","PT_00345-CSI-2025_A.04","PT_00345","Cheng Shin Rubber","Public","TW0002105004","3003006VZBNKJZLNJ718","TWN","East Asia & Pacific","Taiwan, China","C2211","Motor Vehicles & Parts",,,,,"SO","Social","CSI","Social Benchmark","CSI-2025","CSI","Social Benchmark","2025","A","Respecting human rights","04","Identifying human rights risks and impacts","0.00","2026-06-20 21:02:38+00"
"4bc168463992450df556a46df58e8e22","PT_01703-CSI-2025_B.12","PT_01703","Suzuki","Public","JP3397200001","353800D83H0V3ZV1SV24","JPN","East Asia & Pacific","Japan","C2910","Motor Vehicles & Parts","t","t","t",,"SO","Social","CSI","Social Benchmark","CSI-2025","CSI","Social Benchmark","2025","B","Providing and promoting decent work","12","Collective bargaining fundamentals","0.00","2026-06-20 21:02:38+00"
"ebf30d1d5c825b78e4553307eeff377b","PT_01766-CSI-2025_B.13","PT_01766","Tesla","Public","US88160R1014","54930043XZGB27CTOV49","USA","North America","United States","C2910","Motor Vehicles & Parts","t","t","t",,"SO","Social","CSI","Social Benchmark","CSI-2025","CSI","Social Benchmark","2025","B","Providing and promoting decent work","13","Workforce diversity disclosure fundamentals","0.00","2026-06-20 21:02:38+00"
"bc923b3ff21e6f3d0e3e7b8cdd77e053","PT_02109-CSI-2025_B.13","PT_02109","Volvo","Public","SE0000115446","549300HGV012CNC8JD22","SWE","Europe & Central Asia","Sweden","C2910","Motor Vehicles & Parts","t",,,"t","SO","Social","CSI","Social Benchmark","CSI-2025","CSI","Social Benchmark","2025","B","Providing and promoting decent work","13","Workforce diversity disclosure fundamentals","0.33","2026-06-20 21:02:38+00"
"5f527b9202c67256f8b6407ff17a8483","PT_02151-CSI-2025_B.13","PT_02151","Stellantis","Public","NL00150001Q9","549300LKT9PW7ZIBDF31","NLD","Europe & Central Asia","Netherlands","C2910","Motor Vehicles & Parts","t",,,"t","SO","Social","CSI","Social Benchmark","CSI-2025","CSI","Social Benchmark","2025","B","Providing and promoting decent work","13","Workforce diversity disclosure fundamentals","1.00","2026-06-20 21:02:38+00"
"c2d2f80b656ac162562e87ec0c51f128","PT_01116-CSI-2025_B.13","PT_01116","Mahindra and Mahindra","Public","INE101A01026","3358003B573EV4KB4Z02","IND","South Asia","India","C2910","Motor Vehicles & Parts",,"t",,,"SO","Social","CSI","Social Benchmark","CSI-2025","CSI","Social Benchmark","2025","B","Providing and promoting decent work","13","Workforce diversity disclosure fundamentals","0.33","2026-06-20 21:02:38+00"
"42b81340c6afb61ecd13980b46156e4a","PT_01476-CSI-2025_B.13","PT_01476","Renault","Public","FR0000131906","969500F7JLTX36OUI695","FRA","Europe & Central Asia","France","C2910","Motor Vehicles & Parts","t","t","t","t","SO","Social","CSI","Social Benchmark","CSI-2025","CSI","Social Benchmark","2025","B","Providing and promoting decent work","13","Workforce diversity disclosure fundamentals","0.33","2026-06-20 21:02:38+00"
"bdeef413f2f12e580cccb842c3951229","PT_01511-CSI-2025_B.13","PT_01511","Ryder System","Public","US7835491082","ZXJ6Y2OSPZXIVGRILD15","USA","North America","United States","N7710","Motor Vehicles & Parts","t","t","t",,"SO","Social","CSI","Social Benchmark","CSI-2025","CSI","Social Benchmark","2025","B","Providing and promoting decent work","13","Workforce diversity disclosure fundamentals","1.00","2026-06-20 21:02:38+00"
"17315489d3d0976c5b2918e2d11644a8","PT_00472-CSI-2025_B.13","PT_00472","Continental","Public","DE0005439004","529900A7YD9C0LLXM621","DEU","Europe & Central Asia","Germany","C2211","Motor Vehicles & Parts","t","t","t","t","SO","Social","CSI","Social Benchmark","CSI-2025","CSI","Social Benchmark","2025","B","Providing and promoting decent work","13","Workforce diversity disclosure fundamentals","0.67","2026-06-20 21:02:38+00"
"ab424b7a142cdfed4ef71406408fb438","PT_00572-CSI-2025_B.13","PT_00572","Dongfeng Motor Group","Public","CNE100000312","300300XR7ZL54H8GBA06","CHN","East Asia & Pacific","China","C2910","Motor Vehicles & Parts",,"t",,,"SO","Social","CSI","Social Benchmark","CSI-2025","CSI","Social Benchmark","2025","B","Providing and promoting decent work","13","Workforce diversity disclosure fundamentals","0.67","2026-06-20 21:02:38+00"
"37bbfe59621e66a76afaace2f50f717e","PT_01168-CSI-2025_B.13","PT_01168","Michelin","Public","FR0000121261","549300SOSI58J6VIW052","FRA","Europe & Central Asia","France","C2211","Motor Vehicles & Parts","t","t","t","t","SO","Social","CSI","Social Benchmark","CSI-2025","CSI","Social Benchmark","2025","B","Providing and promoting decent work","13","Workforce diversity disclosure fundamentals","0.33","2026-06-20 21:02:38+00"
"23f1b537e19736c04427dd8f2fb664ea","PT_01409-CSI-2025_B.13","PT_01409","Pirelli & C","Public","IT0005278236","815600A0C9AFC1F2A709","ITA","Europe & Central Asia","Italy","C2211","Motor Vehicles & Parts","t","t","t","t","SO","Social","CSI","Social Benchmark","CSI-2025","CSI","Social Benchmark","2025","B","Providing and promoting decent work","13","Workforce diversity disclosure fundamentals","0.33","2026-06-20 21:02:38+00"
"fde7f1e3f715e29f3466ba769ae7bae5","PT_01993-CSI-2025_B.13","PT_01993","Geely Holding","Private",,"549300YS3T1KVQ2SNI84","CHN","East Asia & Pacific","China","C2910","Motor Vehicles & Parts",,"t",,,"SO","Social","CSI","Social Benchmark","CSI-2025","CSI","Social Benchmark","2025","B","Providing and promoting decent work","13","Workforce diversity disclosure fundamentals","0.33","2026-06-20 21:02:38+00"
"21f368c9fde6cc32af3941c1eb781600","PT_01995-CSI-2025_B.13","PT_01995","Zhongce Rubber Group","Private",,"3003009F43G96IGM7906","CHN","East Asia & Pacific","China","C2211","Motor Vehicles & Parts",,"t",,,"SO","Social","CSI","Social Benchmark","CSI-2025","CSI","Social Benchmark","2025","B","Providing and promoting decent work","13","Workforce diversity disclosure fundamentals","0.00","2026-06-20 21:02:38+00"
"724ed1933d3183558695168cf1639139","PT_00804-CSI-2025_B.14","PT_00804","GAC Group","Public","CNE100001NQ2","5299005KY9BJO3ZE6A37","CHN","East Asia & Pacific","China","C2910","Motor Vehicles & Parts",,"t",,,"SO","Social","CSI","Social Benchmark","CSI-2025","CSI","Social Benchmark","2025","B","Providing and promoting decent work","14","Gender equality and women’s empowerment fundamentals","0.00","2026-06-20 21:02:38+00"
"d94bb14f92e5e13be675f242135d7d74","PT_00763-CSI-2025_B.14","PT_00763","Goodyear Tire & Rubber","Public","US3825501014","5493002BI0S2ZQUY3437","USA","North America","United States","C2211","Motor Vehicles & Parts","t","t","t",,"SO","Social","CSI","Social Benchmark","CSI-2025","CSI","Social Benchmark","2025","B","Providing and promoting decent work","14","Gender equality and women’s empowerment fundamentals","0.00","2026-06-20 21:02:38+00"
"6eb263485e7e7b2dfa58a0a46074d68d","PT_00705-CSI-2025_B.14","PT_00705","Ford","Public","US3453708600","20S05OYHG0MQM4VUIC57","USA","North America","United States","C2910","Motor Vehicles & Parts","t","t","t",,"SO","Social","CSI","Social Benchmark","CSI-2025","CSI","Social Benchmark","2025","B","Providing and promoting decent work","14","Gender equality and women’s empowerment fundamentals","0.25","2026-06-20 21:02:38+00"
"ac16e660d0dcb687b80f8eb70a677115","PT_01766-CSI-2025_B.14","PT_01766","Tesla","Public","US88160R1014","54930043XZGB27CTOV49","USA","North America","United States","C2910","Motor Vehicles & Parts","t","t","t",,"SO","Social","CSI","Social Benchmark","CSI-2025","CSI","Social Benchmark","2025","B","Providing and promoting decent work","14","Gender equality and women’s empowerment fundamentals","0.00","2026-06-20 21:02:38+00"
"e721f5449c0c77c2a3b01572b66190e6","PT_00880-CSI-2025_B.14","PT_00880","Hyundai Motor","Public","KR7005380001","9884004RQX8PRBXQ8S60","KOR","East Asia & Pacific","Korea, Rep.","C2910","Motor Vehicles & Parts","t","t",,,"SO","Social","CSI","Social Benchmark","CSI-2025","CSI","Social Benchmark","2025","B","Providing and promoting decent work","14","Gender equality and women’s empowerment fundamentals","0.50","2026-06-20 21:02:38+00"
"296505e4f6550182ad452b1821c50813","PT_00341-CSI-2025_B.14","PT_00341","Changan Automobile","Public","CNE000000R36","300300WKFSBX9P5ZOM25","CHN","East Asia & Pacific","China","C2910","Motor Vehicles & Parts",,"t",,,"SO","Social","CSI","Social Benchmark","CSI-2025","CSI","Social Benchmark","2025","B","Providing and promoting decent work","14","Gender equality and women’s empowerment fundamentals","0.00","2026-06-20 21:02:38+00"
"c6b67643b03b64618a79609d77ff0bc9","PT_02109-CSI-2025_B.14","PT_02109","Volvo","Public","SE0000115446","549300HGV012CNC8JD22","SWE","Europe & Central Asia","Sweden","C2910","Motor Vehicles & Parts","t",,,"t","SO","Social","CSI","Social Benchmark","CSI-2025","CSI","Social Benchmark","2025","B","Providing and promoting decent work","14","Gender equality and women’s empowerment fundamentals","0.25","2026-06-20 21:02:38+00"
"2f5e8bd3846e38584876a9321184acc2","PT_02037-CSI-2025_B.14","PT_02037","JAC Motors","Public","CNE0000018M9","300300KQABCMFKN2E931","CHN","East Asia & Pacific","China","C2910","Motor Vehicles & Parts",,"t",,,"SO","Social","CSI","Social Benchmark","CSI-2025","CSI","Social Benchmark","2025","B","Providing and promoting decent work","14","Gender equality and women’s empowerment fundamentals","0.00","2026-06-20 21:02:38+00"
"35eba8219886572620e4b031db5c7a71","PT_02009-CSI-2025_B.14","PT_02009","Mitsubishi Motors Corporation","Public","JP3899800001","5299006ZTN6MO1N5BR16","JPN","East Asia & Pacific","Japan","C2910","Motor Vehicles & Parts","t","t","t",,"SO","Social","CSI","Social Benchmark","CSI-2025","CSI","Social Benchmark","2025","B","Providing and promoting decent work","14","Gender equality and women’s empowerment fundamentals","0.00","2026-06-20 21:02:38+00"
"ae58e202fa035e037f349da558b1c7d4","PT_02038-CSI-2025_B.14","PT_02038","Kia","Public","KR7000270009","988400V8MJK9N7OI5X76","KOR","East Asia & Pacific","Korea, Rep.","C2910","Motor Vehicles & Parts","t","t",,,"SO","Social","CSI","Social Benchmark","CSI-2025","CSI","Social Benchmark","2025","B","Providing and promoting decent work","14","Gender equality and women’s empowerment fundamentals","0.25","2026-06-20 21:02:38+00"
"3f9f7a8603fca94a735313c1ebcf424f","PT_01360-CSI-2025_B.14","PT_01360","PACCAR","Public","US6937181088","KDTEY8BWE486IKZ3CC07","USA","North America","United States","C2910","Motor Vehicles & Parts","t","t","t",,"SO","Social","CSI","Social Benchmark","CSI-2025","CSI","Social Benchmark","2025","B","Providing and promoting decent work","14","Gender equality and women’s empowerment fundamentals","0.00","2026-06-20 21:02:38+00"
"fe9f664cf08e43974bbea16747b23d9d","PT_00855-CSI-2025_C.15","PT_00855","Honda Motor","Public","JP3854600008","549300P7ZYCQJ36CCS16","JPN","East Asia & Pacific","Japan","C2910","Motor Vehicles & Parts","t","t","t",,"SO","Social","CSI","Social Benchmark","CSI-2025","CSI","Social Benchmark","2025","C","Acting ethically","15","Personal data protection fundamentals","0.00","2026-06-20 21:02:38+00"
"b250170eeddc770f5161c90fe0600e37","PT_01766-CSI-2025_C.15","PT_01766","Tesla","Public","US88160R1014","54930043XZGB27CTOV49","USA","North America","United States","C2910","Motor Vehicles & Parts","t","t","t",,"SO","Social","CSI","Social Benchmark","CSI-2025","CSI","Social Benchmark","2025","C","Acting ethically","15","Personal data protection fundamentals","0.50","2026-06-20 21:02:38+00"
"3e80421ea0b33a25ec4f2c8d8c10b20f","PT_01360-CSI-2025_C.15","PT_01360","PACCAR","Public","US6937181088","KDTEY8BWE486IKZ3CC07","USA","North America","United States","C2910","Motor Vehicles & Parts","t","t","t",,"SO","Social","CSI","Social Benchmark","CSI-2025","CSI","Social Benchmark","2025","C","Acting ethically","15","Personal data protection fundamentals","1.00","2026-06-20 21:02:38+00"
"a785af7959c92ebe674ab40209c442c5","PT_01280-CSI-2025_C.15","PT_01280","Nissan Motor","Public","JP3672400003","353800DRBDH1LUTNAY26","JPN","East Asia & Pacific","Japan","C2910","Motor Vehicles & Parts","t","t","t",,"SO","Social","CSI","Social Benchmark","CSI-2025","CSI","Social Benchmark","2025","C","Acting ethically","15","Personal data protection fundamentals","0.50","2026-06-20 21:02:38+00"
"e62a3a93da6557e787666f2409f70988","PT_00771-CSI-2025_C.15","PT_00771","Great Wall Motor Company","Public","CNE1000018V8","5299002PZDL54CMG5I32","CHN","East Asia & Pacific","China","C2910","Motor Vehicles & Parts",,"t",,,"SO","Social","CSI","Social Benchmark","CSI-2025","CSI","Social Benchmark","2025","C","Acting ethically","15","Personal data protection fundamentals","0.00","2026-06-20 21:02:38+00"
"3172c17f050909f8521fede2f326ea49","PT_00705-CSI-2025_C.15","PT_00705","Ford","Public","US3453708600","20S05OYHG0MQM4VUIC57","USA","North America","United States","C2910","Motor Vehicles & Parts","t","t","t",,"SO","Social","CSI","Social Benchmark","CSI-2025","CSI","Social Benchmark","2025","C","Acting ethically","15","Personal data protection fundamentals","0.00","2026-06-20 21:02:38+00"
"b2479858f1650a6a812a8f704de123da","PT_00816-CSI-2025_C.15","PT_00816","Hankook Tire & Technology","Public","KR7161390000","9884001BIEVM09M7AH02","KOR","East Asia & Pacific","Korea, Rep.","C2211","Motor Vehicles & Parts","t","t",,,"SO","Social","CSI","Social Benchmark","CSI-2025","CSI","Social Benchmark","2025","C","Acting ethically","15","Personal data protection fundamentals","0.00","2026-06-20 21:02:38+00"
"008d49d62cfb5af8a5ff9aec13b8d8a6","PT_01409-CSI-2025_C.15","PT_01409","Pirelli & C","Public","IT0005278236","815600A0C9AFC1F2A709","ITA","Europe & Central Asia","Italy","C2211","Motor Vehicles & Parts","t","t","t","t","SO","Social","CSI","Social Benchmark","CSI-2025","CSI","Social Benchmark","2025","C","Acting ethically","15","Personal data protection fundamentals","0.50","2026-06-20 21:02:38+00"
"67938c337d0fce15511a1ed5af6a1fbd","PT_02151-CSI-2025_C.16","PT_02151","Stellantis","Public","NL00150001Q9","549300LKT9PW7ZIBDF31","NLD","Europe & Central Asia","Netherlands","C2910","Motor Vehicles & Parts","t",,,"t","SO","Social","CSI","Social Benchmark","CSI-2025","CSI","Social Benchmark","2025","C","Acting ethically","16","Responsible tax fundamentals","0.67","2026-06-20 21:02:38+00"
"3951822377efa559891163b5037f5e45","PT_01766-CSI-2025_C.16","PT_01766","Tesla","Public","US88160R1014","54930043XZGB27CTOV49","USA","North America","United States","C2910","Motor Vehicles & Parts","t","t","t",,"SO","Social","CSI","Social Benchmark","CSI-2025","CSI","Social Benchmark","2025","C","Acting ethically","16","Responsible tax fundamentals","0.00","2026-06-20 21:02:38+00"
"111344ef2e5a3710a0f01c738a634b16","PT_01678-CSI-2025_C.16","PT_01678","Subaru Corporation","Public","JP3814800003","549300N244BVAEE6HH86","JPN","East Asia & Pacific","Japan","C2910","Motor Vehicles & Parts","t","t","t",,"SO","Social","CSI","Social Benchmark","CSI-2025","CSI","Social Benchmark","2025","C","Acting ethically","16","Responsible tax fundamentals","0.33","2026-06-20 21:02:38+00"
"b2c1aec70cfe70655df8130684470e96","PT_00740-CSI-2025_C.16","PT_00740","General Motors","Public","US37045V1008","54930070NSV60J38I987","USA","North America","United States","C2910","Motor Vehicles & Parts","t","t","t",,"SO","Social","CSI","Social Benchmark","CSI-2025","CSI","Social Benchmark","2025","C","Acting ethically","16","Responsible tax fundamentals","0.33","2026-06-20 21:02:38+00"
"c2833585c044c3f692450050dd70cff3","PT_01116-CSI-2025_C.16","PT_01116","Mahindra and Mahindra","Public","INE101A01026","3358003B573EV4KB4Z02","IND","South Asia","India","C2910","Motor Vehicles & Parts",,"t",,,"SO","Social","CSI","Social Benchmark","CSI-2025","CSI","Social Benchmark","2025","C","Acting ethically","16","Responsible tax fundamentals","0.00","2026-06-20 21:02:38+00"
"a05da8299be114f268c256e42a457b73","PT_01168-CSI-2025_C.16","PT_01168","Michelin","Public","FR0000121261","549300SOSI58J6VIW052","FRA","Europe & Central Asia","France","C2211","Motor Vehicles & Parts","t","t","t","t","SO","Social","CSI","Social Benchmark","CSI-2025","CSI","Social Benchmark","2025","C","Acting ethically","16","Responsible tax fundamentals","0.67","2026-06-20 21:02:38+00"
"12964c7b12df781baccc5b6cd50631c9","PT_02726-CSI-2025_C.16","PT_02726","Daimler Truck","Public","DE000DTR0CK8","529900PW78JIYOUBSR24","DEU","Europe & Central Asia","Germany","C2910","Motor Vehicles & Parts","t","t","t","t","SO","Social","CSI","Social Benchmark","CSI-2025","CSI","Social Benchmark","2025","C","Acting ethically","16","Responsible tax fundamentals","0.00","2026-06-20 21:02:38+00"
"31ff617d48942643094f3a763ac723fb","PT_02727-CSI-2025_C.16","PT_02727","Scania","Private",,"52990000AKKX75BMWB43","SWE","Europe & Central Asia","Sweden","C2910","Motor Vehicles & Parts","t",,,"t","SO","Social","CSI","Social Benchmark","CSI-2025","CSI","Social Benchmark","2025","C","Acting ethically","16","Responsible tax fundamentals","0.00","2026-06-20 21:02:38+00"
"534b1503a0a57ad9c7f1d389c7e86688","PT_01280-CSI-2025_C.16","PT_01280","Nissan Motor","Public","JP3672400003","353800DRBDH1LUTNAY26","JPN","East Asia & Pacific","Japan","C2910","Motor Vehicles & Parts","t","t","t",,"SO","Social","CSI","Social Benchmark","CSI-2025","CSI","Social Benchmark","2025","C","Acting ethically","16","Responsible tax fundamentals","0.67","2026-06-20 21:02:38+00"
"2591ebdb46cb6fcd5e0a42ab89d82c6d","PT_01409-CSI-2025_C.16","PT_01409","Pirelli & C","Public","IT0005278236","815600A0C9AFC1F2A709","ITA","Europe & Central Asia","Italy","C2211","Motor Vehicles & Parts","t","t","t","t","SO","Social","CSI","Social Benchmark","CSI-2025","CSI","Social Benchmark","2025","C","Acting ethically","16","Responsible tax fundamentals","0.67","2026-06-20 21:02:38+00"
"8b57c7066018ab521d447bb189388b60","PT_00763-CSI-2025_C.16","PT_00763","Goodyear Tire & Rubber","Public","US3825501014","5493002BI0S2ZQUY3437","USA","North America","United States","C2211","Motor Vehicles & Parts","t","t","t",,"SO","Social","CSI","Social Benchmark","CSI-2025","CSI","Social Benchmark","2025","C","Acting ethically","16","Responsible tax fundamentals","0.00","2026-06-20 21:02:38+00"
"c37ba01d97a95db6cc07505756cced52","PT_01978-CSI-2025_C.16","PT_01978","Yokohama Rubber","Public","JP3955800002","52990036XNWY2FMYWB76","JPN","East Asia & Pacific","Japan","C2211","Motor Vehicles & Parts","t","t","t",,"SO","Social","CSI","Social Benchmark","CSI-2025","CSI","Social Benchmark","2025","C","Acting ethically","16","Responsible tax fundamentals","0.67","2026-06-20 21:02:38+00"
"bdf2f230dd166fcb1b42664a158fedf0","PT_02037-CSI-2025_C.16","PT_02037","JAC Motors","Public","CNE0000018M9","300300KQABCMFKN2E931","CHN","East Asia & Pacific","China","C2910","Motor Vehicles & Parts",,"t",,,"SO","Social","CSI","Social Benchmark","CSI-2025","CSI","Social Benchmark","2025","C","Acting ethically","16","Responsible tax fundamentals","0.00","2026-06-20 21:02:38+00"
"4c8ad1fcc77ff2c44409db3237682403","PT_02009-CSI-2025_C.16","PT_02009","Mitsubishi Motors Corporation","Public","JP3899800001","5299006ZTN6MO1N5BR16","JPN","East Asia & Pacific","Japan","C2910","Motor Vehicles & Parts","t","t","t",,"SO","Social","CSI","Social Benchmark","CSI-2025","CSI","Social Benchmark","2025","C","Acting ethically","16","Responsible tax fundamentals","0.00","2026-06-20 21:02:38+00"
"ea743b6422ba85b0ad0e6904c94d2136","PT_00740-CSI-2025_C.15","PT_00740","General Motors","Public","US37045V1008","54930070NSV60J38I987","USA","North America","United States","C2910","Motor Vehicles & Parts","t","t","t",,"SO","Social","CSI","Social Benchmark","CSI-2025","CSI","Social Benchmark","2025","C","Acting ethically","15","Personal data protection fundamentals","0.50","2026-06-20 21:02:38+00"
"9821548ff2207eb5cb2715e4c63e6fa9","PT_00763-CSI-2025_C.15","PT_00763","Goodyear Tire & Rubber","Public","US3825501014","5493002BI0S2ZQUY3437","USA","North America","United States","C2211","Motor Vehicles & Parts","t","t","t",,"SO","Social","CSI","Social Benchmark","CSI-2025","CSI","Social Benchmark","2025","C","Acting ethically","15","Personal data protection fundamentals","0.00","2026-06-20 21:02:38+00"
"c4afd5c6532cdf3caf87e1cd969c216a","PT_02548-CSI-2025_C.15","PT_02548","Mercedes-Benz","Public","DE0007100000","529900R27DL06UVNT076","DEU","Europe & Central Asia","Germany","C2910","Motor Vehicles & Parts","t","t","t","t","SO","Social","CSI","Social Benchmark","CSI-2025","CSI","Social Benchmark","2025","C","Acting ethically","15","Personal data protection fundamentals","0.50","2026-06-20 21:02:38+00"
"1a041b931bd7d24678fdea9569782731","PT_01116-CSI-2025_C.15","PT_01116","Mahindra and Mahindra","Public","INE101A01026","3358003B573EV4KB4Z02","IND","South Asia","India","C2910","Motor Vehicles & Parts",,"t",,,"SO","Social","CSI","Social Benchmark","CSI-2025","CSI","Social Benchmark","2025","C","Acting ethically","15","Personal data protection fundamentals","0.00","2026-06-20 21:02:38+00"
"27733e3836e908503ae075e640c7679b","PT_01812-CSI-2025_C.15","PT_01812","Toyota","Public","JP3633400001","5493006W3QUS5LMH6R84","JPN","East Asia & Pacific","Japan","C2910","Motor Vehicles & Parts","t","t","t",,"SO","Social","CSI","Social Benchmark","CSI-2025","CSI","Social Benchmark","2025","C","Acting ethically","15","Personal data protection fundamentals","0.50","2026-06-20 21:02:38+00"
"45b324037175ca82d85c40a780cffe22","PT_00341-CSI-2025_C.15","PT_00341","Changan Automobile","Public","CNE000000R36","300300WKFSBX9P5ZOM25","CHN","East Asia & Pacific","China","C2910","Motor Vehicles & Parts",,"t",,,"SO","Social","CSI","Social Benchmark","CSI-2025","CSI","Social Benchmark","2025","C","Acting ethically","15","Personal data protection fundamentals","0.00","2026-06-20 21:02:38+00"
"d05a07d30c9913592603956cea34f5db","PT_00367-CSI-2025_C.15","PT_00367","FAW","Government",,"300300MX7XTA1YIALI60","CHN","East Asia & Pacific","China","C2910","Motor Vehicles & Parts",,"t",,,"SO","Social","CSI","Social Benchmark","CSI-2025","CSI","Social Benchmark","2025","C","Acting ethically","15","Personal data protection fundamentals","0.00","2026-06-20 21:02:38+00"
"4634d2ef4deb905dfcc0fb6a6ba4848c","PT_02727-CSI-2025_C.15","PT_02727","Scania","Private",,"52990000AKKX75BMWB43","SWE","Europe & Central Asia","Sweden","C2910","Motor Vehicles & Parts","t",,,"t","SO","Social","CSI","Social Benchmark","CSI-2025","CSI","Social Benchmark","2025","C","Acting ethically","15","Personal data protection fundamentals","1.00","2026-06-20 21:02:38+00"
"e5ecd5f65304b7facfa2ed2fd32d94cf","PT_02726-CSI-2025_C.15","PT_02726","Daimler Truck","Public","DE000DTR0CK8","529900PW78JIYOUBSR24","DEU","Europe & Central Asia","Germany","C2910","Motor Vehicles & Parts","t","t","t","t","SO","Social","CSI","Social Benchmark","CSI-2025","CSI","Social Benchmark","2025","C","Acting ethically","15","Personal data protection fundamentals","0.50","2026-06-20 21:02:38+00"
"746ccb58f2ef3d66765fc816d2caeb32","PT_02038-CSI-2025_C.15","PT_02038","Kia","Public","KR7000270009","988400V8MJK9N7OI5X76","KOR","East Asia & Pacific","Korea, Rep.","C2910","Motor Vehicles & Parts","t","t",,,"SO","Social","CSI","Social Benchmark","CSI-2025","CSI","Social Benchmark","2025","C","Acting ethically","15","Personal data protection fundamentals","0.00","2026-06-20 21:02:38+00"
"2910a514829a27817f0a1fb1ebc0192d","PT_01995-CSI-2025_C.15","PT_01995","Zhongce Rubber Group","Private",,"3003009F43G96IGM7906","CHN","East Asia & Pacific","China","C2211","Motor Vehicles & Parts",,"t",,,"SO","Social","CSI","Social Benchmark","CSI-2025","CSI","Social Benchmark","2025","C","Acting ethically","15","Personal data protection fundamentals","0.00","2026-06-20 21:02:38+00"
"f20734551ff55968ae45c3a1a62a2d73","PT_02008-CSI-2025_C.15","PT_02008","Tata Motors","Public","INE155A01022","335800BO2LHWJJ8TZI32","IND","South Asia","India","C2910","Motor Vehicles & Parts",,"t",,,"SO","Social","CSI","Social Benchmark","CSI-2025","CSI","Social Benchmark","2025","C","Acting ethically","15","Personal data protection fundamentals","0.00","2026-06-20 21:02:38+00"
"4ebc909815f8398cec05df49c2b13e75","PT_02007-CSI-2025_C.15","PT_02007","Volkswagen","Public","DE0007664039","529900NNUPAGGOMPXZ31","DEU","Europe & Central Asia","Germany","C2910","Motor Vehicles & Parts","t","t","t","t","SO","Social","CSI","Social Benchmark","CSI-2025","CSI","Social Benchmark","2025","C","Acting ethically","15","Personal data protection fundamentals","0.50","2026-06-20 21:02:38+00"
"d44cf855988d450e509d541d9679c72c","PT_00472-CSI-2025_C.15","PT_00472","Continental","Public","DE0005439004","529900A7YD9C0LLXM621","DEU","Europe & Central Asia","Germany","C2211","Motor Vehicles & Parts","t","t","t","t","SO","Social","CSI","Social Benchmark","CSI-2025","CSI","Social Benchmark","2025","C","Acting ethically","15","Personal data protection fundamentals","0.00","2026-06-20 21:02:38+00"
"ae1488a37596c9af06125eb17ee03251","PT_01703-CSI-2025_C.16","PT_01703","Suzuki","Public","JP3397200001","353800D83H0V3ZV1SV24","JPN","East Asia & Pacific","Japan","C2910","Motor Vehicles & Parts","t","t","t",,"SO","Social","CSI","Social Benchmark","CSI-2025","CSI","Social Benchmark","2025","C","Acting ethically","16","Responsible tax fundamentals","0.67","2026-06-20 21:02:38+00"
"065ba292765668d26a4cd4590372ac24","PT_00572-CSI-2025_C.16","PT_00572","Dongfeng Motor Group","Public","CNE100000312","300300XR7ZL54H8GBA06","CHN","East Asia & Pacific","China","C2910","Motor Vehicles & Parts",,"t",,,"SO","Social","CSI","Social Benchmark","CSI-2025","CSI","Social Benchmark","2025","C","Acting ethically","16","Responsible tax fundamentals","0.00","2026-06-20 21:02:38+00"
"e06f1f2560c7822e370730c978f8235f","PT_00472-CSI-2025_C.16","PT_00472","Continental","Public","DE0005439004","529900A7YD9C0LLXM621","DEU","Europe & Central Asia","Germany","C2211","Motor Vehicles & Parts","t","t","t","t","SO","Social","CSI","Social Benchmark","CSI-2025","CSI","Social Benchmark","2025","C","Acting ethically","16","Responsible tax fundamentals","0.00","2026-06-20 21:02:38+00"
"4718a5ad36b9f030bab169180eadf5bb","PT_01476-CSI-2025_C.16","PT_01476","Renault","Public","FR0000131906","969500F7JLTX36OUI695","FRA","Europe & Central Asia","France","C2910","Motor Vehicles & Parts","t","t","t","t","SO","Social","CSI","Social Benchmark","CSI-2025","CSI","Social Benchmark","2025","C","Acting ethically","16","Responsible tax fundamentals","0.33","2026-06-20 21:02:38+00"
"ec2aedd9c4d6bf554c65b5ba0a25fb3a","PT_01518-CSI-2025_C.16","PT_01518","SAIC Motor","Public","CNE000000TY6","30030001QBC7EXJJGT71","CHN","East Asia & Pacific","China","C2910","Motor Vehicles & Parts",,"t",,,"SO","Social","CSI","Social Benchmark","CSI-2025","CSI","Social Benchmark","2025","C","Acting ethically","16","Responsible tax fundamentals","0.00","2026-06-20 21:02:38+00"
"e2b31af489a39dcae34538fe1d364bf3","PT_01360-CSI-2025_C.16","PT_01360","PACCAR","Public","US6937181088","KDTEY8BWE486IKZ3CC07","USA","North America","United States","C2910","Motor Vehicles & Parts","t","t","t",,"SO","Social","CSI","Social Benchmark","CSI-2025","CSI","Social Benchmark","2025","C","Acting ethically","16","Responsible tax fundamentals","0.00","2026-06-20 21:02:38+00"
"291152469f6953d6a5eec04c99263290","PT_01993-CSI-2025_C.16","PT_01993","Geely Holding","Private",,"549300YS3T1KVQ2SNI84","CHN","East Asia & Pacific","China","C2910","Motor Vehicles & Parts",,"t",,,"SO","Social","CSI","Social Benchmark","CSI-2025","CSI","Social Benchmark","2025","C","Acting ethically","16","Responsible tax fundamentals","0.00","2026-06-20 21:02:38+00"
"586d618b5f4c997599a16ffb5ec60249","PT_02008-CSI-2025_C.16","PT_02008","Tata Motors","Public","INE155A01022","335800BO2LHWJJ8TZI32","IND","South Asia","India","C2910","Motor Vehicles & Parts",,"t",,,"SO","Social","CSI","Social Benchmark","CSI-2025","CSI","Social Benchmark","2025","C","Acting ethically","16","Responsible tax fundamentals","0.33","2026-06-20 21:02:38+00"
"f0fa4061ecae50f6485f55d2fbf6a1ca","PT_00367-CSI-2025_C.16","PT_00367","FAW","Government",,"300300MX7XTA1YIALI60","CHN","East Asia & Pacific","China","C2910","Motor Vehicles & Parts",,"t",,,"SO","Social","CSI","Social Benchmark","CSI-2025","CSI","Social Benchmark","2025","C","Acting ethically","16","Responsible tax fundamentals","0.00","2026-06-20 21:02:38+00"
"1073056bacda55cfaaebaa42b7ece4e2","PT_00816-CSI-2025_C.16","PT_00816","Hankook Tire & Technology","Public","KR7161390000","9884001BIEVM09M7AH02","KOR","East Asia & Pacific","Korea, Rep.","C2211","Motor Vehicles & Parts","t","t",,,"SO","Social","CSI","Social Benchmark","CSI-2025","CSI","Social Benchmark","2025","C","Acting ethically","16","Responsible tax fundamentals","0.33","2026-06-20 21:02:38+00"
"99cca8a960cd8d766724019d3dd50cf1","PT_00290-CSI-2025_C.17","PT_00290","BYD","Public","CNE100001526","5299001O3LAFGRPZ3Y63","CHN","East Asia & Pacific","China","C2910","Motor Vehicles & Parts",,"t",,,"SO","Social","CSI","Social Benchmark","CSI-2025","CSI","Social Benchmark","2025","C","Acting ethically","17","Anti-bribery and anti-corruption fundamentals","0.50","2026-06-20 21:02:38+00"
"3336e14e6dc6ef3376ec5173c8de22ce","PT_00345-CSI-2025_C.16","PT_00345","Cheng Shin Rubber","Public","TW0002105004","3003006VZBNKJZLNJ718","TWN","East Asia & Pacific","Taiwan, China","C2211","Motor Vehicles & Parts",,,,,"SO","Social","CSI","Social Benchmark","CSI-2025","CSI","Social Benchmark","2025","C","Acting ethically","16","Responsible tax fundamentals","0.00","2026-06-20 21:02:38+00"
"223921d9dbda965a60116e0465cb5a3e","PT_00290-CSI-2025_C.16","PT_00290","BYD","Public","CNE100001526","5299001O3LAFGRPZ3Y63","CHN","East Asia & Pacific","China","C2910","Motor Vehicles & Parts",,"t",,,"SO","Social","CSI","Social Benchmark","CSI-2025","CSI","Social Benchmark","2025","C","Acting ethically","16","Responsible tax fundamentals","0.00","2026-06-20 21:02:38+00"
"52098da7fef6797dec899c2929f7ad6d","PT_00261-CSI-2025_C.16","PT_00261","BMW","Public","DE0005190003","YEH5ZCD6E441RHVHD759","DEU","Europe & Central Asia","Germany","C2910","Motor Vehicles & Parts","t","t","t","t","SO","Social","CSI","Social Benchmark","CSI-2025","CSI","Social Benchmark","2025","C","Acting ethically","16","Responsible tax fundamentals","0.00","2026-06-20 21:02:38+00"
"bb448a95446ef6270f0cc6bf32e9e0b6","PT_00341-CSI-2025_C.16","PT_00341","Changan Automobile","Public","CNE000000R36","300300WKFSBX9P5ZOM25","CHN","East Asia & Pacific","China","C2910","Motor Vehicles & Parts",,"t",,,"SO","Social","CSI","Social Benchmark","CSI-2025","CSI","Social Benchmark","2025","C","Acting ethically","16","Responsible tax fundamentals","0.00","2026-06-20 21:02:38+00"
"f82b7f2abae1d5b4eca8ba29074fc4f9","PT_00261-CSI-2025_C.17","PT_00261","BMW","Public","DE0005190003","YEH5ZCD6E441RHVHD759","DEU","Europe & Central Asia","Germany","C2910","Motor Vehicles & Parts","t","t","t","t","SO","Social","CSI","Social Benchmark","CSI-2025","CSI","Social Benchmark","2025","C","Acting ethically","17","Anti-bribery and anti-corruption fundamentals","1.00","2026-06-20 21:02:38+00"
"0fece5ff51a4592a688310a20785841d","PT_00367-CSI-2025_C.17","PT_00367","FAW","Government",,"300300MX7XTA1YIALI60","CHN","East Asia & Pacific","China","C2910","Motor Vehicles & Parts",,"t",,,"SO","Social","CSI","Social Benchmark","CSI-2025","CSI","Social Benchmark","2025","C","Acting ethically","17","Anti-bribery and anti-corruption fundamentals","0.00","2026-06-20 21:02:38+00"
"8fd65abab7524216641c10a49704d473","PT_00804-CSI-2025_C.17","PT_00804","GAC Group","Public","CNE100001NQ2","5299005KY9BJO3ZE6A37","CHN","East Asia & Pacific","China","C2910","Motor Vehicles & Parts",,"t",,,"SO","Social","CSI","Social Benchmark","CSI-2025","CSI","Social Benchmark","2025","C","Acting ethically","17","Anti-bribery and anti-corruption fundamentals","0.00","2026-06-20 21:02:38+00"
"92d88016542f0de81abe87b5d525aafa","PT_00345-CSI-2025_C.17","PT_00345","Cheng Shin Rubber","Public","TW0002105004","3003006VZBNKJZLNJ718","TWN","East Asia & Pacific","Taiwan, China","C2211","Motor Vehicles & Parts",,,,,"SO","Social","CSI","Social Benchmark","CSI-2025","CSI","Social Benchmark","2025","C","Acting ethically","17","Anti-bribery and anti-corruption fundamentals","0.00","2026-06-20 21:02:38+00"
"1a942341ee8d8117812ca0f15239436d","PT_00341-CSI-2025_C.17","PT_00341","Changan Automobile","Public","CNE000000R36","300300WKFSBX9P5ZOM25","CHN","East Asia & Pacific","China","C2910","Motor Vehicles & Parts",,"t",,,"SO","Social","CSI","Social Benchmark","CSI-2025","CSI","Social Benchmark","2025","C","Acting ethically","17","Anti-bribery and anti-corruption fundamentals","0.00","2026-06-20 21:02:38+00"
"44ba81a4c4fb60a63c1bb3c2c2ea012d","PT_01812-CSI-2025_C.17","PT_01812","Toyota","Public","JP3633400001","5493006W3QUS5LMH6R84","JPN","East Asia & Pacific","Japan","C2910","Motor Vehicles & Parts","t","t","t",,"SO","Social","CSI","Social Benchmark","CSI-2025","CSI","Social Benchmark","2025","C","Acting ethically","17","Anti-bribery and anti-corruption fundamentals","0.75","2026-06-20 21:02:38+00"
"fef4a1cdb8a2607c37205eef507dc2b4","PT_01766-CSI-2025_C.17","PT_01766","Tesla","Public","US88160R1014","54930043XZGB27CTOV49","USA","North America","United States","C2910","Motor Vehicles & Parts","t","t","t",,"SO","Social","CSI","Social Benchmark","CSI-2025","CSI","Social Benchmark","2025","C","Acting ethically","17","Anti-bribery and anti-corruption fundamentals","0.50","2026-06-20 21:02:38+00"
"308ce14c6efb43196328963b9f99602b","PT_01678-CSI-2025_C.17","PT_01678","Subaru Corporation","Public","JP3814800003","549300N244BVAEE6HH86","JPN","East Asia & Pacific","Japan","C2910","Motor Vehicles & Parts","t","t","t",,"SO","Social","CSI","Social Benchmark","CSI-2025","CSI","Social Benchmark","2025","C","Acting ethically","17","Anti-bribery and anti-corruption fundamentals","0.00","2026-06-20 21:02:38+00"
"0da6097fa9e33c208fd0af7af17a9787","PT_00855-CSI-2025_C.17","PT_00855","Honda Motor","Public","JP3854600008","549300P7ZYCQJ36CCS16","JPN","East Asia & Pacific","Japan","C2910","Motor Vehicles & Parts","t","t","t",,"SO","Social","CSI","Social Benchmark","CSI-2025","CSI","Social Benchmark","2025","C","Acting ethically","17","Anti-bribery and anti-corruption fundamentals","0.00","2026-06-20 21:02:38+00"
"3fa13d91dd426d1ab72ca04c4170f623","PT_02038-CSI-2025_C.17","PT_02038","Kia","Public","KR7000270009","988400V8MJK9N7OI5X76","KOR","East Asia & Pacific","Korea, Rep.","C2910","Motor Vehicles & Parts","t","t",,,"SO","Social","CSI","Social Benchmark","CSI-2025","CSI","Social Benchmark","2025","C","Acting ethically","17","Anti-bribery and anti-corruption fundamentals","0.00","2026-06-20 21:02:38+00"
"5f9cfd24499fa052cc95504dec50ca3e","PT_02007-CSI-2025_C.17","PT_02007","Volkswagen","Public","DE0007664039","529900NNUPAGGOMPXZ31","DEU","Europe & Central Asia","Germany","C2910","Motor Vehicles & Parts","t","t","t","t","SO","Social","CSI","Social Benchmark","CSI-2025","CSI","Social Benchmark","2025","C","Acting ethically","17","Anti-bribery and anti-corruption fundamentals","0.75","2026-06-20 21:02:38+00"
"7e2e3a2ed7258c1e9a90ff3a92e07a24","PT_01518-CSI-2025_C.15","PT_01518","SAIC Motor","Public","CNE000000TY6","30030001QBC7EXJJGT71","CHN","East Asia & Pacific","China","C2910","Motor Vehicles & Parts",,"t",,,"SO","Social","CSI","Social Benchmark","CSI-2025","CSI","Social Benchmark","2025","C","Acting ethically","15","Personal data protection fundamentals","0.00","2026-06-20 21:02:38+00"
"4479d186b641a768f46b9186d1b80f14","PT_02109-CSI-2025_C.15","PT_02109","Volvo","Public","SE0000115446","549300HGV012CNC8JD22","SWE","Europe & Central Asia","Sweden","C2910","Motor Vehicles & Parts","t",,,"t","SO","Social","CSI","Social Benchmark","CSI-2025","CSI","Social Benchmark","2025","C","Acting ethically","15","Personal data protection fundamentals","0.50","2026-06-20 21:02:38+00"
"cf497839db370a768c04bb7c0f4927b6","PT_02151-CSI-2025_C.15","PT_02151","Stellantis","Public","NL00150001Q9","549300LKT9PW7ZIBDF31","NLD","Europe & Central Asia","Netherlands","C2910","Motor Vehicles & Parts","t",,,"t","SO","Social","CSI","Social Benchmark","CSI-2025","CSI","Social Benchmark","2025","C","Acting ethically","15","Personal data protection fundamentals","0.50","2026-06-20 21:02:38+00"
"62cf2fd5c3b671dc12007de948032e48","PT_01139-CSI-2025_C.15","PT_01139","Mazda","Public","JP3868400007","52990044YZJLICDQKK92","JPN","East Asia & Pacific","Japan","C2910","Motor Vehicles & Parts","t","t","t",,"SO","Social","CSI","Social Benchmark","CSI-2025","CSI","Social Benchmark","2025","C","Acting ethically","15","Personal data protection fundamentals","0.50","2026-06-20 21:02:38+00"
"006b7c0ba22567dc397a023e5ab17363","PT_00880-CSI-2025_C.15","PT_00880","Hyundai Motor","Public","KR7005380001","9884004RQX8PRBXQ8S60","KOR","East Asia & Pacific","Korea, Rep.","C2910","Motor Vehicles & Parts","t","t",,,"SO","Social","CSI","Social Benchmark","CSI-2025","CSI","Social Benchmark","2025","C","Acting ethically","15","Personal data protection fundamentals","0.00","2026-06-20 21:02:38+00"
"0c4b66dd07d22d5019e619f366faaba0","PT_01168-CSI-2025_C.15","PT_01168","Michelin","Public","FR0000121261","549300SOSI58J6VIW052","FRA","Europe & Central Asia","France","C2211","Motor Vehicles & Parts","t","t","t","t","SO","Social","CSI","Social Benchmark","CSI-2025","CSI","Social Benchmark","2025","C","Acting ethically","15","Personal data protection fundamentals","0.50","2026-06-20 21:02:38+00"
"fd3683b2045847c90249ce164ab5e8e5","PT_00345-CSI-2025_C.15","PT_00345","Cheng Shin Rubber","Public","TW0002105004","3003006VZBNKJZLNJ718","TWN","East Asia & Pacific","Taiwan, China","C2211","Motor Vehicles & Parts",,,,,"SO","Social","CSI","Social Benchmark","CSI-2025","CSI","Social Benchmark","2025","C","Acting ethically","15","Personal data protection fundamentals","0.00","2026-06-20 21:02:38+00"
"b05704da3c47c2a6c1770d38bb9aa83e","PT_00261-CSI-2025_C.15","PT_00261","BMW","Public","DE0005190003","YEH5ZCD6E441RHVHD759","DEU","Europe & Central Asia","Germany","C2910","Motor Vehicles & Parts","t","t","t","t","SO","Social","CSI","Social Benchmark","CSI-2025","CSI","Social Benchmark","2025","C","Acting ethically","15","Personal data protection fundamentals","0.50","2026-06-20 21:02:38+00"
"6928ae21725be21fc1d2bff8b4521a97","PT_00236-CSI-2025_C.15","PT_00236","BAIC","Public","CNE100001TJ4","300300X7ND2JNR96BA87","CHN","East Asia & Pacific","China","C2910","Motor Vehicles & Parts",,"t",,,"SO","Social","CSI","Social Benchmark","CSI-2025","CSI","Social Benchmark","2025","C","Acting ethically","15","Personal data protection fundamentals","0.00","2026-06-20 21:02:38+00"
"a7e2dc890fb2ccc88d9c5c5c9b05518a","PT_00275-CSI-2025_C.15","PT_00275","Bridgestone","Public","JP3830800003","549300DHPOF90OYYD780","JPN","East Asia & Pacific","Japan","C2211","Motor Vehicles & Parts","t","t","t",,"SO","Social","CSI","Social Benchmark","CSI-2025","CSI","Social Benchmark","2025","C","Acting ethically","15","Personal data protection fundamentals","0.50","2026-06-20 21:02:38+00"
"7ab212b49b11190fb30c68dcb575764e","PT_00290-CSI-2025_C.15","PT_00290","BYD","Public","CNE100001526","5299001O3LAFGRPZ3Y63","CHN","East Asia & Pacific","China","C2910","Motor Vehicles & Parts",,"t",,,"SO","Social","CSI","Social Benchmark","CSI-2025","CSI","Social Benchmark","2025","C","Acting ethically","15","Personal data protection fundamentals","0.00","2026-06-20 21:02:38+00"
"18ff75d59e0187a7d6b8df8ae8687731","PT_02009-CSI-2025_C.15","PT_02009","Mitsubishi Motors Corporation","Public","JP3899800001","5299006ZTN6MO1N5BR16","JPN","East Asia & Pacific","Japan","C2910","Motor Vehicles & Parts","t","t","t",,"SO","Social","CSI","Social Benchmark","CSI-2025","CSI","Social Benchmark","2025","C","Acting ethically","15","Personal data protection fundamentals","0.00","2026-06-20 21:02:38+00"
"d4b971fc4b4066edef091c9824cba6f8","PT_02037-CSI-2025_C.15","PT_02037","JAC Motors","Public","CNE0000018M9","300300KQABCMFKN2E931","CHN","East Asia & Pacific","China","C2910","Motor Vehicles & Parts",,"t",,,"SO","Social","CSI","Social Benchmark","CSI-2025","CSI","Social Benchmark","2025","C","Acting ethically","15","Personal data protection fundamentals","0.00","2026-06-20 21:02:38+00"
"84a62aa8028b0909421935ef4690df20","PT_01993-CSI-2025_C.15","PT_01993","Geely Holding","Private",,"549300YS3T1KVQ2SNI84","CHN","East Asia & Pacific","China","C2910","Motor Vehicles & Parts",,"t",,,"SO","Social","CSI","Social Benchmark","CSI-2025","CSI","Social Benchmark","2025","C","Acting ethically","15","Personal data protection fundamentals","0.00","2026-06-20 21:02:38+00"
"cff8ccae4055b8d067877686954cfd8b","PT_01978-CSI-2025_C.15","PT_01978","Yokohama Rubber","Public","JP3955800002","52990036XNWY2FMYWB76","JPN","East Asia & Pacific","Japan","C2211","Motor Vehicles & Parts","t","t","t",,"SO","Social","CSI","Social Benchmark","CSI-2025","CSI","Social Benchmark","2025","C","Acting ethically","15","Personal data protection fundamentals","0.50","2026-06-20 21:02:38+00"
"010a2c1b0f063f3864ccf6cda72fe887","PT_00572-CSI-2025_C.15","PT_00572","Dongfeng Motor Group","Public","CNE100000312","300300XR7ZL54H8GBA06","CHN","East Asia & Pacific","China","C2910","Motor Vehicles & Parts",,"t",,,"SO","Social","CSI","Social Benchmark","CSI-2025","CSI","Social Benchmark","2025","C","Acting ethically","15","Personal data protection fundamentals","0.00","2026-06-20 21:02:38+00"
"9e81ae31ac580ec2c61526f8ae218d30","PT_02152-CSI-2025_C.16","PT_02152","Chery Holding Group","Private",,"300300F08E6VWZVSVM95","CHN","East Asia & Pacific","China","C2910","Motor Vehicles & Parts",,"t",,,"SO","Social","CSI","Social Benchmark","CSI-2025","CSI","Social Benchmark","2025","C","Acting ethically","16","Responsible tax fundamentals","0.00","2026-06-20 21:02:38+00"
"39cfcc57d425990b83a900293f89a880","PT_01812-CSI-2025_C.16","PT_01812","Toyota","Public","JP3633400001","5493006W3QUS5LMH6R84","JPN","East Asia & Pacific","Japan","C2910","Motor Vehicles & Parts","t","t","t",,"SO","Social","CSI","Social Benchmark","CSI-2025","CSI","Social Benchmark","2025","C","Acting ethically","16","Responsible tax fundamentals","0.67","2026-06-20 21:02:38+00"
"82588a8d507bf3a468cecf83d3544fd4","PT_00771-CSI-2025_C.16","PT_00771","Great Wall Motor Company","Public","CNE1000018V8","5299002PZDL54CMG5I32","CHN","East Asia & Pacific","China","C2910","Motor Vehicles & Parts",,"t",,,"SO","Social","CSI","Social Benchmark","CSI-2025","CSI","Social Benchmark","2025","C","Acting ethically","16","Responsible tax fundamentals","0.00","2026-06-20 21:02:38+00"
"9081af33fad9589586b6468c9cc39585","PT_01139-CSI-2025_C.16","PT_01139","Mazda","Public","JP3868400007","52990044YZJLICDQKK92","JPN","East Asia & Pacific","Japan","C2910","Motor Vehicles & Parts","t","t","t",,"SO","Social","CSI","Social Benchmark","CSI-2025","CSI","Social Benchmark","2025","C","Acting ethically","16","Responsible tax fundamentals","0.00","2026-06-20 21:02:38+00"
"ad733e70248be56d58ddb4e13090bcaa","PT_01511-CSI-2025_C.16","PT_01511","Ryder System","Public","US7835491082","ZXJ6Y2OSPZXIVGRILD15","USA","North America","United States","N7710","Motor Vehicles & Parts","t","t","t",,"SO","Social","CSI","Social Benchmark","CSI-2025","CSI","Social Benchmark","2025","C","Acting ethically","16","Responsible tax fundamentals","0.00","2026-06-20 21:02:38+00"
"5dc83df357ecbaa4666a7cc2dd8e3b3c","PT_02109-CSI-2025_C.16","PT_02109","Volvo","Public","SE0000115446","549300HGV012CNC8JD22","SWE","Europe & Central Asia","Sweden","C2910","Motor Vehicles & Parts","t",,,"t","SO","Social","CSI","Social Benchmark","CSI-2025","CSI","Social Benchmark","2025","C","Acting ethically","16","Responsible tax fundamentals","0.33","2026-06-20 21:02:38+00"
"64c77013b557d6f2e0445d5d97f9f1c8","PT_00804-CSI-2025_C.16","PT_00804","GAC Group","Public","CNE100001NQ2","5299005KY9BJO3ZE6A37","CHN","East Asia & Pacific","China","C2910","Motor Vehicles & Parts",,"t",,,"SO","Social","CSI","Social Benchmark","CSI-2025","CSI","Social Benchmark","2025","C","Acting ethically","16","Responsible tax fundamentals","0.00","2026-06-20 21:02:38+00"
"2364d41eafa2beb98031ee0312206944","PT_01995-CSI-2025_C.16","PT_01995","Zhongce Rubber Group","Private",,"3003009F43G96IGM7906","CHN","East Asia & Pacific","China","C2211","Motor Vehicles & Parts",,"t",,,"SO","Social","CSI","Social Benchmark","CSI-2025","CSI","Social Benchmark","2025","C","Acting ethically","16","Responsible tax fundamentals","0.00","2026-06-20 21:02:38+00"
"517cb65e06df433c725295496699f49c","PT_02038-CSI-2025_C.16","PT_02038","Kia","Public","KR7000270009","988400V8MJK9N7OI5X76","KOR","East Asia & Pacific","Korea, Rep.","C2910","Motor Vehicles & Parts","t","t",,,"SO","Social","CSI","Social Benchmark","CSI-2025","CSI","Social Benchmark","2025","C","Acting ethically","16","Responsible tax fundamentals","0.67","2026-06-20 21:02:38+00"
"697e437c36992c563a2cc02150bdf7a0","PT_00705-CSI-2025_C.16","PT_00705","Ford","Public","US3453708600","20S05OYHG0MQM4VUIC57","USA","North America","United States","C2910","Motor Vehicles & Parts","t","t","t",,"SO","Social","CSI","Social Benchmark","CSI-2025","CSI","Social Benchmark","2025","C","Acting ethically","16","Responsible tax fundamentals","0.00","2026-06-20 21:02:38+00"
"b55f4f8a4463bf1b1bf419d0ed82bafa","PT_02548-CSI-2025_C.16","PT_02548","Mercedes-Benz","Public","DE0007100000","529900R27DL06UVNT076","DEU","Europe & Central Asia","Germany","C2910","Motor Vehicles & Parts","t","t","t","t","SO","Social","CSI","Social Benchmark","CSI-2025","CSI","Social Benchmark","2025","C","Acting ethically","16","Responsible tax fundamentals","0.00","2026-06-20 21:02:38+00"
"42be7fbc02bae2be96add366b839e863","PT_00236-CSI-2025_C.16","PT_00236","BAIC","Public","CNE100001TJ4","300300X7ND2JNR96BA87","CHN","East Asia & Pacific","China","C2910","Motor Vehicles & Parts",,"t",,,"SO","Social","CSI","Social Benchmark","CSI-2025","CSI","Social Benchmark","2025","C","Acting ethically","16","Responsible tax fundamentals","0.00","2026-06-20 21:02:38+00"
"5f22e598246dc8bc6cc7a7e99994c4b9","PT_00275-CSI-2025_C.16","PT_00275","Bridgestone","Public","JP3830800003","549300DHPOF90OYYD780","JPN","East Asia & Pacific","Japan","C2211","Motor Vehicles & Parts","t","t","t",,"SO","Social","CSI","Social Benchmark","CSI-2025","CSI","Social Benchmark","2025","C","Acting ethically","16","Responsible tax fundamentals","0.67","2026-06-20 21:02:38+00"
"e925751f2ea67ed538772d59c4d4893c","PT_00236-CSI-2025_C.17","PT_00236","BAIC","Public","CNE100001TJ4","300300X7ND2JNR96BA87","CHN","East Asia & Pacific","China","C2910","Motor Vehicles & Parts",,"t",,,"SO","Social","CSI","Social Benchmark","CSI-2025","CSI","Social Benchmark","2025","C","Acting ethically","17","Anti-bribery and anti-corruption fundamentals","0.25","2026-06-20 21:02:38+00"
"b428cc4a9b89dbaa2b53c8e2ef6da08d","PT_00275-CSI-2025_C.17","PT_00275","Bridgestone","Public","JP3830800003","549300DHPOF90OYYD780","JPN","East Asia & Pacific","Japan","C2211","Motor Vehicles & Parts","t","t","t",,"SO","Social","CSI","Social Benchmark","CSI-2025","CSI","Social Benchmark","2025","C","Acting ethically","17","Anti-bribery and anti-corruption fundamentals","0.75","2026-06-20 21:02:38+00"
"c06dcc4739ceaad477a0dc1da7231a87","PT_00763-CSI-2025_C.17","PT_00763","Goodyear Tire & Rubber","Public","US3825501014","5493002BI0S2ZQUY3437","USA","North America","United States","C2211","Motor Vehicles & Parts","t","t","t",,"SO","Social","CSI","Social Benchmark","CSI-2025","CSI","Social Benchmark","2025","C","Acting ethically","17","Anti-bribery and anti-corruption fundamentals","0.75","2026-06-20 21:02:38+00"
"775838efbbee7145969bf23c4605b97a","PT_00705-CSI-2025_C.17","PT_00705","Ford","Public","US3453708600","20S05OYHG0MQM4VUIC57","USA","North America","United States","C2910","Motor Vehicles & Parts","t","t","t",,"SO","Social","CSI","Social Benchmark","CSI-2025","CSI","Social Benchmark","2025","C","Acting ethically","17","Anti-bribery and anti-corruption fundamentals","0.50","2026-06-20 21:02:38+00"
"da25d2ba1fb23f1e1d7c915e13720d00","PT_00816-CSI-2025_C.17","PT_00816","Hankook Tire & Technology","Public","KR7161390000","9884001BIEVM09M7AH02","KOR","East Asia & Pacific","Korea, Rep.","C2211","Motor Vehicles & Parts","t","t",,,"SO","Social","CSI","Social Benchmark","CSI-2025","CSI","Social Benchmark","2025","C","Acting ethically","17","Anti-bribery and anti-corruption fundamentals","0.50","2026-06-20 21:02:38+00"
"b42b767b662b071cf5649f5448001407","PT_00771-CSI-2025_C.17","PT_00771","Great Wall Motor Company","Public","CNE1000018V8","5299002PZDL54CMG5I32","CHN","East Asia & Pacific","China","C2910","Motor Vehicles & Parts",,"t",,,"SO","Social","CSI","Social Benchmark","CSI-2025","CSI","Social Benchmark","2025","C","Acting ethically","17","Anti-bribery and anti-corruption fundamentals","0.25","2026-06-20 21:02:38+00"
"70a3e5632a0bb467e629a01270bcaff8","PT_00740-CSI-2025_C.17","PT_00740","General Motors","Public","US37045V1008","54930070NSV60J38I987","USA","North America","United States","C2910","Motor Vehicles & Parts","t","t","t",,"SO","Social","CSI","Social Benchmark","CSI-2025","CSI","Social Benchmark","2025","C","Acting ethically","17","Anti-bribery and anti-corruption fundamentals","0.50","2026-06-20 21:02:38+00"
"64b87e3376d72556b9a2af752b0a9d65","PT_01703-CSI-2025_C.17","PT_01703","Suzuki","Public","JP3397200001","353800D83H0V3ZV1SV24","JPN","East Asia & Pacific","Japan","C2910","Motor Vehicles & Parts","t","t","t",,"SO","Social","CSI","Social Benchmark","CSI-2025","CSI","Social Benchmark","2025","C","Acting ethically","17","Anti-bribery and anti-corruption fundamentals","0.25","2026-06-20 21:02:38+00"
"f977aba828b8b9ea036440f7efccc9e0","PT_00880-CSI-2025_C.17","PT_00880","Hyundai Motor","Public","KR7005380001","9884004RQX8PRBXQ8S60","KOR","East Asia & Pacific","Korea, Rep.","C2910","Motor Vehicles & Parts","t","t",,,"SO","Social","CSI","Social Benchmark","CSI-2025","CSI","Social Benchmark","2025","C","Acting ethically","17","Anti-bribery and anti-corruption fundamentals","0.75","2026-06-20 21:02:38+00"
"c46cacc02a5185c53453e762ac2d73a3","PT_02008-CSI-2025_C.17","PT_02008","Tata Motors","Public","INE155A01022","335800BO2LHWJJ8TZI32","IND","South Asia","India","C2910","Motor Vehicles & Parts",,"t",,,"SO","Social","CSI","Social Benchmark","CSI-2025","CSI","Social Benchmark","2025","C","Acting ethically","17","Anti-bribery and anti-corruption fundamentals","0.75","2026-06-20 21:02:38+00"
"a812a41cb0028cb7d3176a5941585aab","PT_01518-CSI-2025_C.17","PT_01518","SAIC Motor","Public","CNE000000TY6","30030001QBC7EXJJGT71","CHN","East Asia & Pacific","China","C2910","Motor Vehicles & Parts",,"t",,,"SO","Social","CSI","Social Benchmark","CSI-2025","CSI","Social Benchmark","2025","C","Acting ethically","17","Anti-bribery and anti-corruption fundamentals","0.25","2026-06-20 21:02:38+00"
"f78b8bc728e1835faf080fb3b0ef2f27","PT_02007-CSI-2025_C.16","PT_02007","Volkswagen","Public","DE0007664039","529900NNUPAGGOMPXZ31","DEU","Europe & Central Asia","Germany","C2910","Motor Vehicles & Parts","t","t","t","t","SO","Social","CSI","Social Benchmark","CSI-2025","CSI","Social Benchmark","2025","C","Acting ethically","16","Responsible tax fundamentals","0.00","2026-06-20 21:02:38+00"
