{
  "run_completed_at": "2026-06-11T18:33:44.579007",
  "n_processed_this_run": 1545,
  "n_parsed_ok": 1540,
  "n_repaired": 29,
  "n_failed": 5,
  "n_llm_errors": 0,
  "total_claims_this_run": 13046,
  "run_elapsed_seconds": 31290.73396229744,
  "avg_seconds_per_paragraph": 20.252902240969217,
  "total_corpus_size": 10311,
  "total_processed_overall": 10311
}